DataBook,Grupo,EmissorRaw,MatchVia,Instrumento,Regime,Rating,Coordenador,Serie,Prazo,IndexadorFinal,SpreadFinalPct,IpcaEquivFinalPct,TaxaFinalRaw,NtnbFinal,IndexadorTeto,SpreadTetoPct,NtnbTeto,TaxaTetoRaw,CompressaoBps,DemandaMM,EmissaoMM,OverX,BidsAloc,AlocCortePct,Amort
14/04/2025,Saneago,Deb. SANEAGO,grupo,DEB,,AAA,,unica,5y,CDI,0.65,,"CDI + 0,65%",,,,,,,,,,39/9,"97,12%","Taxa Final : CDI + 0,65%"
14/04/2025,Auren,AUREN,grupo,DEB,,,,unica,,NTN-B,0.2,,"B35 + 0,20%",B35,NTN-B,-0.15,B35,"B35 - 0,15%",-35,739,2000,,11/11,,
15/04/2025,Casan,CASAN,grupo,DEB,CVM160,A,"Safra (Líder), Itaú BBA, UBS BB, XP, Bradesco BBI",1a,5y,CDI,2.3,,"CDI + 2,30%",,CDI,4.5,,"CDI + 4,50%",220,1280,125,,45/13,,"Mensal, Car. 2y"
15/04/2025,Casan,CASAN,grupo,DEB,CVM160,A,"Safra (Líder), Itaú BBA, UBS BB, XP, Bradesco BBI",2a,7y,NTN-B,1.85,,"B28+1,85%",B28,NTN-B,2.1,B28,"B28 + 2,10% ou IPCA+9,90%",25,552.8,330,,33/24,,"Semestral, Car. 3y"
15/04/2025,Casan,CASAN,grupo,DEB,CVM160,A,"Safra (Líder), Itaú BBA, UBS BB, XP, Bradesco BBI",3a,12y,NTN-B,2.71,,"B30+2,71%",B30,NTN-B,2.81,B30,"B30 + 2,81% ou IPCA+10,30%",10,171.6,170,,16/15,,"Semestral, Car. 3y"
15/04/2025,Raia Drogasil,,alias,DEB,CVM160,AAA,Santander(líder) e IBBA,unica,7y,CDI,0.6,,"CDI + 0,60%",,CDI,0.6,,"CDI + 0,60%",0,,,,,,6/7
23/04/2025,Neoenergia,,alias,DEB,,AAA,IBBA,unica,,,0,,JAN30 + 0% (Fixing Hoje),,,0,,JAN30 + 0%,0,790,700,1.13,9/9,57%,
23/04/2025,Neoenergia,,alias,DEB,,AAA,IBBA,unica,,,0.25,,"JAN30 -0,25% (Fixing Hoje)",,,0.25,,"JAN30 - 0,25%",0,90,700,0.13,7/7,100%,
07/05/2025,TIM,,grupo,DEB,CVM160,AAA,"BBI(líder), UBS BB, Santander e BV",unica,7y,CDI,0.7,,"CDI + 0,70%",,CDI,0.67,,"CDI + 0,67% Des(0,70%)",-3,,,,9/9,,Bullet
09/05/2025,Alloha,Giga Mais Fibra,alias~,DEB,12.431,A,"IBBA (Líder), SAN, UBS-BB, BBI, ABC",1a,7y,NTN-B,1.95,,"NTN-B30 + 1,95%",B30,,,,,,125,477,,18/18,,
09/05/2025,Alloha,Giga Mais Fibra,alias~,DEB,12.431,A,"IBBA (Líder), SAN, UBS-BB, BBI, ABC",2a,10y,NTN-B,2.2,,"NTN-B32 + 2,20%",B32,,,,,,23,23,,5/5,,
09/05/2025,Alloha,Giga Mais Fibra,alias~,DEB,12.431,A,"IBBA (Líder), SAN, UBS-BB, BBI, ABC",3a,6y,CDI,2,,"CDI + 2,00% (15bps de fechamento)",,CDI,2.15,,"CDI + 2,15%",15,290,250,,10/10,,
12/05/2025,V.tal,,alias,DEB,12.431,AA,"BTG(Líder), BBI, Safra, Citi, Santander",1a,7y,,15.05,,"15,05% (DI Jan/32 + 1,26%)",,Fixa,32,,"Pré DI Jan/32 + 0,75% ou 15,05%",,1400,1650,,34/34,,6/7
12/05/2025,V.tal,,alias,DEB,12.431,AA,"BTG(Líder), BBI, Safra, Citi, Santander",2a,7y,NTN-B,0.88,8.27,"IPCA + 8,27% (B33 + 0,88%)",B33,NTN-B,0.85,B33,"B33 + 0,85% ou IPCA + 8,27%",-3,559.8,559.8,,27/27,,6/7
12/05/2025,V.tal,,alias,DEB,12.431,AA,"BTG(Líder), BBI, Safra, Citi, Santander",3a,10y,NTN-B,1.13,8.45,"IPCA + 8,45% (B35 + 1,13%)",B35,NTN-B,0.95,B35,"B35 + 0,95% ou IPCA + 8,45%",-18,163,195,,15/15,,8/9/10
14/05/2025,Hapvida,,grupo,DEB,CVM160,AAA,"BBI(Líder), IBBA e Santander",unica,7y Bullet,CDI,1.05,,"CDI + 1,05%",,CDI,1.05,,"CDI + 1,05%",0,,,,9/9<Mensagemeditada>,,
14/05/2025,Comgás,,alias,DEB,CVM160,AAA,"Santander(Líder), IBBA, BBI e BV",unica,3y,CDI,0.48,,"CDI + 0,48%",,CDI,0.45,,"CDI + 0,45% Des(0,50%)",-3,,,,,,Semestral
14/05/2025,VLI,,grupo,DEB,12.431,AAA,IBBA(Líder) e BTG,1a,10y,NTN-B,0.03,7.4247,"B33 + 0,03% (IPCA + 7,4247%)",B33,NTN-B,-0.35,B33,"B33 - 0,35% Des(+0,03%)",-38,813,750,,13/13,,8/9/10
14/05/2025,VLI,,grupo,DEB,12.431,AAA,IBBA(Líder) e BTG,2a,12y,NTN-B,0.08,7.3658,"B35 + 0,08% (IPCA + 7,3658%)",B35,NTN-B,-0.3,B35,"B35 - 0,30% Des(+0,08%)",-38,382,750,,9/9,,11/12
21/05/2025,CPFL,RGE Sul CPFL,alias,DEB,12.431,AAA,"IBBA (L), XP, BBI, Safra e BTG",unica,10y (amortização semestral pós carência),NTN-B,0,,B35 + 0% aa através de deságio,B35,,,,,,240,1090,,14/14,,Taxa Fixa: B35 + 0% aa através de deságio
21/05/2025,Copasa,Copasa,grupo,DEB,,,"Btg (lider), Itau e Xp",1a,,CDI,0.6,,CDI + 0.60%,,CDI,0.65,,CDI + 0.65%,5,412,412,,,,
21/05/2025,Copasa,Copasa,grupo,DEB,,,"Btg (lider), Itau e Xp",2a,,NTN-B,80,8.21,IPCA + 8.21% (B30 + 80 bps),B30,NTN-B,110,B30,IPCA + 8.51% (B30 + 110 bps),3000,1800,488,,,,
27/05/2025,TAG,,grupo,DEB,CVM160,AAA,"Santander(Líder), IBBA, UBS BB e BBI",unica,5y,CDI,0.67,,"CDI + 0,67%",,CDI,0.67,,"CDI + 0,67%",0,,,,12/12,,Anual após 1y
28/05/2025,Porto Itapoá,,grupo,DEB,12.431,AA,BTG(Líder),unica,15y,NTN-B,0.3,,"B35 + 0,30%",B35,NTN-B,-0.08,B35,"B35 - 0,08% Des(0,30%) ou IPCA + 7,40%",-38,,,,10/10,,Semestral após 3y
30/05/2025,Localiza,Localiza,grupo,DEB,CVM160,AAA,"XP(Líder), IBBA, UBS BB e BBI",1a,5y,CDI,1.2,,"CDI + 1,20%",,CDI,1.25,,"CDI + 1,25%",5,1480.9,1.14,,22/18,,Bullet
30/05/2025,Localiza,Localiza,grupo,DEB,CVM160,AAA,"XP(Líder), IBBA, UBS BB e BBI",2a,7y,CDI,1.4,,"CDI + 1,40%",,CDI,1.45,,"CDI + 1,45%",5,376.3,371.3,,12/11,,Bullet
30/05/2025,Motiva,,alias,DEB,CVM160,AAA,"BTG(Líder), BBI e IBBA",unica,5y,CDI,0.57,,"CDI + 0,57%",,CDI,0.57,,"CDI + 0,57%",0,,,,10/10,,Bullet
02/06/2025,Iochpe-Maxion,,grupo,DEB,CVM160,AAA,"IBBA(Líder), UBS BB, BBI e Santander",unica,5y,CDI,1.45,,"CDI + 1,45%",,CDI,1.45,,"CDI + 1,45%",0,,,,,,4/5
03/06/2025,Gerdau,Debêntures Gerdau,grupo,DEB,,AAA,,unica,7y,CDI,0.66,,"CDI + 0,66%",,,,,,,,,,13/11,,
03/06/2025,Brisanet,,grupo,DEB,CVM160,AA,BTG(Líder),unica,6y,CDI,1.3,,"CDI + 1,30%",,,,,,,,,,,,4/5/6
05/06/2025,Solví,,grupo,DEB,CVM160,,ABC(Líder),unica,7y,CDI,2.1,,"CDI + 2,10%",,CDI,2.4,,"CDI + 2,40%",30,,,,18/12,,"Semestral, após 25m"
06/06/2025,Agrovale,Deb  Vale,grupo,DEB,12.431,,,1a,7y,,,,B32 – 50bps (fixing hoje),,,,,,,1204,2000,,,,
06/06/2025,Agrovale,Deb  Vale,grupo,DEB,12.431,,,2a,10y,,,,B35 – 50bps (fixing hoje),,,,,,,271,2000,,,,
06/06/2025,Agrovale,Deb  Vale,grupo,DEB,12.431,,,3a,12y,,,,B35 – 47bps (fixing hoje),,,,,,,250,2000,,,,
09/06/2025,Compass,,grupo,DEB,CVM160,AAA,BTG(Líder),1a,5y Bullet,CDI,0.65,,"CDI + 0,65%",,CDI,0.65,,"CDI + 0,65%",0,1830,,,,,
09/06/2025,Compass,,grupo,DEB,CVM160,AAA,BTG(Líder),2a,7y 6/7,CDI,0.7,,"CDI + 0,70%",,CDI,0.7,,"CDI + 0,70%",0,401,,,,,
09/06/2025,Compass,,grupo,DEB,CVM160,AAA,BTG(Líder),1a,5y Bullet,CDI,0.65,,"CDI + 0,65%",,CDI,0.65,,"CDI + 0,65%",0,1830,,,,,
09/06/2025,Compass,,grupo,DEB,CVM160,AAA,BTG(Líder),2a,7y 6/7,CDI,0.7,,"CDI + 0,70%",,CDI,0.7,,"CDI + 0,70%",0,401,,,,,
10/06/2025,Unidas,Unidas,grupo,DEB,,,,unica,,CDI,2.4,,"CDI + 2,40%",,,,,,,720,450,,,,
11/06/2025,Ultrapar,Hidrovias do Brasil (Ultrapar),alias~,DEB,CVM160,BB,"IBBA (L), Santander, XP, BTG, UBS-BB e BV",1a,3y,CDI,0.5,,"CDI + 0,50%",,CDI,0.55,,"CDI + 0,55%",5,1366000000,400,,12/10,26%,Bullet
11/06/2025,Ultrapar,Hidrovias do Brasil (Ultrapar),alias~,DEB,CVM160,BB,"IBBA (L), Santander, XP, BTG, UBS-BB e BV",2a,6y,CDI,0.75,,"CDI + 0,75 %",,CDI,0.75,,"CDI + 0,75%",0,1317178000,982,,5/5,4%,Bullet
11/06/2025,Assaí,,grupo,DEB,CVM160,AAA,"UBS BB(Líder), IBBA, BBI e Santander",unica,5y Bullet,CDI,1.3,,"CDI + 1,30%",,CDI,1.2,,"CDI + 1,20% Des(1,30%)",-10,,,,10/10,,
11/06/2025,Assaí,,grupo,DEB,CVM160,AAA,"UBS BB(Líder), IBBA, BBI e Santander",unica,5y Bullet,CDI,1.3,,"CDI + 1,30%",,CDI,1.2,,"CDI + 1,20% Des(1,30%)",-10,,,,10/10,,
12/06/2025,Cielo,,grupo,DEB,CVM160,AAA,BBI(líder) e UBS BB,unica,4y,CDI,0.54,,"CDI + 0,54% (piso)",,CDI,0.6,,"CDI + 0,60%",6,,,,18/17,"87,7% (ex ancoragem)",Bullet
24/06/2025,Petrobras,êntures  Petrobras,grupo,DEB,12.431,AAA,"UBS-BB, Bradesco BBI, BTG Pactual, Itaú BBA, Santander, XP",1a,10 anos;,IPCA,6.3874,,"IPCA + 6,3874% / Teto - 0,45%",,NTN-B,-0.4,B35,"B35-0,40% ou IPCA + 6,85%",,2770,,,,,bullet;
24/06/2025,Petrobras,êntures  Petrobras,grupo,DEB,12.431,AAA,"UBS-BB, Bradesco BBI, BTG Pactual, Itaú BBA, Santander, XP",2a,15 anos;,IPCA,6.6556,,"IPCA + 6,6556% / Teto - 0,25%",,NTN-B,-0.35,B35,"B35-0,35% ou IPCA + 6,90%",,1350,,,,,"13,14,15;"
24/06/2025,Petrobras,êntures  Petrobras,grupo,DEB,12.431,AAA,"UBS-BB, Bradesco BBI, BTG Pactual, Itaú BBA, Santander, XP",3a,20 anos;,IPCA,6.8431,,"IPCA + 6,8431 / Teto - 0,10%",,NTN-B,-0.3,B45,"B45-0,30% ou IPCA + 6,95%",,1270,,,,,bullet;
24/06/2025,Taesa,,alias~,DEB,CVM160,AAA,BBI(Líder),1a,5y Bullet,CDI,0.55,,"CDI + 0,50% com deságio para CDI + 0,55%",,,,,,,201,201,,,,
24/06/2025,Taesa,,alias~,DEB,CVM160,AAA,BBI(Líder),2a,7y Bullet,CDI,0.65,,"CDI + 0,59% com deságio para CDI + 0,65%",,,,,,,49,49,,5,,
24/06/2025,Taesa,,alias~,DEB,CVM160,AAA,BBI(Líder),1a,5y Bullet,CDI,0.55,,"CDI + 0,50% com deságio para CDI + 0,55%",,,,,,,364,364,,,,
24/06/2025,Taesa,,alias~,DEB,CVM160,AAA,BBI(Líder),2a,7y Bullet,CDI,0.65,,"CDI + 0,59% com deságio para CDI + 0,65%",,,,,,,86,86,,,,
24/06/2025,Pátria,,alias~,DEB,CVM160,,IBBA (Líder),unica,7y Bullet,CDI,1.9,,"CDI + 1,90%",,,,,,,,,,3/3,,
25/06/2025,Desktop,Desktop,grupo,DEB,CVM160,A,BV,unica,7y (6/7),NTN-B,0.65,,"B30+0,65% (fixing hoje)",B30,,,,,,,,,17/16,,
26/06/2025,Nadir Figueiredo,,grupo,DEB,CVM160,,IBBA (Líder),unica,7y Semestral 2y car.,CDI,1.15,,"CDI + 1,15%",,CDI,1.15,,"CDI + 1,15%",0,,,,,,
27/06/2025,Equatorial,,alias~,DEB,12.431,AAA,"BTG(Líder), XP, Safra e IBBA",unica,12y 9/10/11/12,NTN-B,0.16,7.4468,"B35 + 0,16% (IPCA + 7,4468%)",B35,,,,,,1750,1750,1,11/11,,
30/06/2025,EDP,,grupo,DEB,CVM160,AAA,BBI(Líder),1a,5y (4/5),CDI,0.55,,"CDI + 0,55%",,CDI,0.5,,"CDI + 0,50% Des(0,55%)",-5,653,600,,6/6,,
30/06/2025,EDP,,grupo,DEB,CVM160,AAA,BBI(Líder),2a,7y (6/7),CDI,0.063,,"CDI + 0,063%",,CDI,0.58,,"CDI + 0,58% Des(0,63%)",52,370,600,,4/4,,
02/07/2025,THOPEN SOLAR 10 S.A.,êntures  Thopen Solar 10 SPE,emissor,DEB,12.431,A,XP,unica,14 anos;,IPCA,9.323,,"IPCA + 9,3230%",,,,,,,110.64,,,5<Mensagemeditada>,,"Customizada, 6y duration"
02/07/2025,PetroReconcavo,,grupo,DEB,CVM160,AA,"IBBA (Líder), XP",unica,7y (6/7),CDI,1.1,,"CDI + 1,10%",,CDI,1.1,,"CDI + 1,10%",0,,,,Clubdeal,,
02/07/2025,ISA Energia,,alias,DEB,12.431,AAA,BBI (Líder) e IBBA,unica,10y Bullet,NTN-B,-0.15,6.9008,"B40 - 0,15% (IPCA + 6,9008%)",B40,NTN-B,-0.4,B40,"B40 - 0,40% ou IPCA + 6,70% Des(B40 - 0,15%)",-25,,,,3/3,,
02/07/2025,Alupar,,grupo,DEB,CVM160,,ABC (Líder),unica,5y (4/5),CDI,0.59,,"CDI + 0,59%",,CDI,0.59,,"CDI + 0,59%",0,,,,,,
02/07/2025,EDP,,grupo,DEB,CVM160,AAA,IBBA(Líder),unica,5y Bullet,CDI,0.55,,"CDI + 0,55%",,CDI,0.47,,"CDI + 0,47% Des(0,55%)",-8,,,,,,
03/07/2025,Usina SAO Jose da Estiva SA,,alias,DEB,12.431,,IBBA(Líder),unica,7y,NTN-B,0.9,8.4401,"B30 + 0,90% (IPCA + 8,4401%)",B30,NTN-B,0.9,B30,"B30 + 0,90%",0,,,,,,Semestral car. 4y
08/07/2025,CONCESSIONARIA ECOVIAS RAPOSO-CASTELO S.A,,emissor,DEB,12.431,AAA,BBI (Líder),unica,4y Bullet,NTN-B,0.1,7.7555,"B30 + 0,10% (IPCA + 7,7555%)",B30,,0.1,,"B30 + Max(0,10%) Min(-0,06%)",,,,,,,
08/07/2025,Coqueiros,,grupo,DEB,CVM160,,BBI (Líder) e BTG,unica,5y Bullet,CDI,0.53,,"CDI + 0,53%",,CDI,0.5,,"CDI + 0,50% Des(0,53%)",-3,,,,,,
10/07/2025,Athon Energia,,grupo,DEB,12.431,AAA,BTG(Líder),unica,5y Custon.,NTN-B,0.5,7.8969,"B35 + 0,50% (IPCA + 7,8969)",B35,NTN-B,0.5,B35,"B35 + 0,50% ou IPCA + 7,52%",0,,,,,,
10/07/2025,Engie,,grupo,DEB,12.431,AAA,IBBA (Líder),1a,10y,,0.35,,"DI Jan/31 - 0,35% (13,21%)",,,0.65,,"DI Jan/31 - 0,65% Des(-0,35%)",30,112,750,,9/9,,anual após 8 anos
10/07/2025,Engie,,grupo,DEB,12.431,AAA,IBBA (Líder),2a,10y,NTN-B,-0.3,7.038,"B35 - 0,30% (IPCA + 7,0380%)",B35,NTN-B,-0.47,B35,"B35 - 0,47% Des(-0,30%)",-17,331,1450,,15/15,,anual após 9 anos
11/07/2025,MRS,,grupo,DEB,12.431,AAA,"XP (Líder), BTG, Safra e Santander",1a,7y Bullet,NTN-B,-0.34,,"B32 - 0,34% (Fixing hoje)",B32,NTN-B,-0.34,B32,"B32 - 0,34%",0,23.1,600,,7/7,,
11/07/2025,MRS,,grupo,DEB,12.431,AAA,"XP (Líder), BTG, Safra e Santander",2a,15y (13/14/15),NTN-B,0.08,,"B40 + 0,08% (Fixing hoje)",B40,NTN-B,-0.3,B40,"B40 - 0,30% Des(0,08%)",-38,1360,2200,,13/13-clubdeal,,
11/07/2025,MRS,,grupo,DEB,12.431,AAA,"XP (Líder), BTG, Safra e Santander",1a,7y Bullet,NTN-B,-0.34,7.2638,"B32 - 0,34% (IPCA+7,2638%)",B32,NTN-B,-0.34,B32,"B32 - 0,34%",0,23.1,600,,7/7,,
11/07/2025,MRS,,grupo,DEB,12.431,AAA,"XP (Líder), BTG, Safra e Santander",2a,15y (13/14/15),NTN-B,0.08,7.2509,"B40 + 0,08% (IPCA+7,2509%)",B40,NTN-B,-0.3,B40,"B40 - 0,30% Des(B+0,08%)",-38,1360,2200,,13/13-clubdeal,,
11/07/2025,Copel,/ DEB,grupo,DEB,12.431,AAA,"Safra (Líder), Caixa",1a,"12y, Anual 6y car.",NTN-B,0.02,7.3515,"B35 + 0,02% (IPCA + 7,3515%)",B35,NTN-B,-0.35,B35,"B35 - 0,35% ou IPCA + 6,88% Des(0,02%)",-37,1200,1200,,,,
11/07/2025,Copel,/ DEB,grupo,DEB,12.431,AAA,"Safra (Líder), Caixa",2a,5y (3/4/5),CDI,0.5,,"CDI + 0,50%",,CDI,0.43,,"CDI + 0,43% Des(0,50%)",-7,1300,1300,,,,
11/07/2025,Copel,/ DEB,grupo,DEB,12.431,AAA,"Safra (Líder), Caixa",3a,7y (6/7),CDI,0.63,,"CDI + 0,63%",,CDI,0.58,,"CDI + 0,58% Des(0,63%)",-5,500,500,,,,
14/07/2025,Prio Forte,,grupo,DEB,CVM160,AAA,"BTG (Líder), XP, IBBA, Santander e Citi",1a,5y 4/5,CDI,1.45,,"CDI + 1,45%",,,,,,,2300,2000,,,,
14/07/2025,Prio Forte,,grupo,DEB,CVM160,AAA,"BTG (Líder), XP, IBBA, Santander e Citi",2a,7y (6/7),CDI,1.6,,"CDI + 1,60%",,,,,,,1200,1000,,,,
16/07/2025,Eletrobras,Eletrobrás (Eletronorte) IQ,alias~,DEB,12.431,AAA,"IBBA (L), BBI, BTG, Safra, Santander, UBS-BB, XP e BV",1a,7y (bullet),,0.42,,"DIF30 - 0,42% 13,2474%",,,,,,,166,338.5,,18/18,,
16/07/2025,Eletrobras,Eletrobrás (Eletronorte) IQ,alias~,DEB,12.431,AAA,"IBBA (L), BBI, BTG, Safra, Santander, UBS-BB, XP e BV",2a,7y (bullet),NTN-B,-0.33,7.3146,"B32 - 0,33% IPCA + 7,3146%",B32,,,,,,238,661.5,,19/19,,
16/07/2025,Eletrobras,Eletrobrás (Eletronorte) IQ,alias~,DEB,12.431,AAA,"IBBA (L), BBI, BTG, Safra, Santander, UBS-BB, XP e BV",3a,10y (bullet),NTN-B,-0.2,7.2083,"B35 - 0,20% IPCA + 7,2083%",B35,,,,,,354,1000,,23/23,,
16/07/2025,TIM,,grupo,DEB,CVM160,AAA,"BBI(Líder), UBS BB, BTG e Caixa",1a,5y (4/5),CDI,0.7,,"CDI + 0,70% (piso)",,CDI,0.8,,"CDI + 0,80%",10,4443.9,2791.7,,37/10,,
16/07/2025,TIM,,grupo,DEB,CVM160,AAA,"BBI(Líder), UBS BB, BTG e Caixa",2a,7y (6/7),CDI,0.85,,"CDI + 0,85% (piso)",,CDI,0.95,,"CDI + 0,95%",10,3955.7,2208.3,,41/41,,
16/07/2025,Unipar,,grupo,DEB,CVM160,AA,IBBA(Líder) e BTG,1a,7y (6/7),CDI,1,,"CDI + 1,0%",,CDI,1.15,,"CDI + 1,15%",15,454.9,164.7,,14/9,80%,
16/07/2025,Unipar,,grupo,DEB,CVM160,AA,IBBA(Líder) e BTG,2a,10y (8/9/10),CDI,1.35,,"CDI + 1,35%",,CDI,1.35,,"CDI + 1,35%",0,369.9,300,,10/10,77%,
16/07/2025,Unipar,,grupo,DEB,CVM160,AA,IBBA(Líder) e BTG,3a,7y (6/7),CDI,1.15,,"CDI + 1,15%",,,,,,,435.8,435.8,,9/9,,
23/07/2025,CCR,Autoban,alias,DEB,CVM160,AAA,"Safra (Líder), XP, IBBA, BBI e Santander",1a,7y (6/7),CDI,0.65,,"(Deságio): CDI+ 0,65%",,,,,,,2288,1400,,22/22,,
23/07/2025,CCR,Autoban,alias,DEB,CVM160,AAA,"Safra (Líder), XP, IBBA, BBI e Santander",2a,12y (8/9/10/11/12),,0.15,,"(Deságio): NTNB-35 -0,15%",,,,,,,826,1100,,22/22,,
23/07/2025,Randon,Randon,grupo,DEB,CVM160,AAA,IBBA (L) BBI / BB,1a,5y,CDI,0.85,,CDI + 0.85%,,CDI,0.9,,CDI + 0.90%,5,914000000,55000000,,10/7,76%,bullet
23/07/2025,Randon,Randon,grupo,DEB,CVM160,AAA,IBBA (L) BBI / BB,2a,7 anos,CDI,1.1,,CDI + 1.10%,,CDI,1.1,,CDI + 1.10%,0,558350000,550000000,,7/7,98%,bullet
23/07/2025,CCR,e DEB  Autoban,alias~,DEB,12.431,AAA,"Safra (Líder), XP, IBBA, BBI e Santander",1a,7y (6/7),CDI,0.65,,"(Deságio): CDI+ 0,65%",,,,,,,2288,1400,,22/22,,
23/07/2025,CCR,e DEB  Autoban,alias~,DEB,12.431,AAA,"Safra (Líder), XP, IBBA, BBI e Santander",2a,12y (8/9/10/11/12),IPCA,7.3306,,"(Deságio): NTNB-35 -0,15% (IPCa+7,3306%)",,,,,,,826,1100,,22/22,,
23/07/2025,SBF,,alias~,DEB,CVM160,AA,IBBA (Líder) e BBI,unica,5y,CDI,0.85,,"CDI+0,85 Des(1,02%)",,,,,,,,,,,,"Taxa Fixa: CDI+0,85 Des(1,02%)"
23/07/2025,Randon,,grupo,DEB,CVM160,AAA,"IBBA (Líder), BBI e BB",1a,5y Bullet,CDI,0.85,,"CDI + 0,85%",,CDI,0.9,,"CDI + 0,90%",5,914,550,,10/7,76%,
23/07/2025,Randon,,grupo,DEB,CVM160,AAA,"IBBA (Líder), BBI e BB",2a,7y bullet,CDI,1.1,,"CDI + 1,10%",,CDI,1.1,,"CDI + 1,10%",0,558.3,550,,7/7,98%,
23/07/2025,Localiza,,grupo,DEB,CVM160,AAA,IBBA (Líder),unica,6y,CDI,1.2,,"CDI + 1,20%",,CDI,1.2,,"CDI + 1,20%",0,,,,,,"Taxa Teto: CDI + 1,20%"
24/07/2025,SBF,Inst. Fisia (SBF) IP,alias~,DEB,,,IBBA (L) BBI,unica,5 anos,CDI,0.85,,CDI+0.85 com deságio até CDI+1.02,,,,,,,502,,,,,Taxa Fixa: CDI+0.85 com deságio até CDI+1.02
24/07/2025,Motiva,,alias,DEB,CVM160,AA,"BTG (Líder), ABC, BBI, IBBA e Sant",unica,7y,CDI,1,,"CDI + 1,0%",,CDI,0.8,,"CDI + 0,80% Des(1,0%)",-20,,,,18/18,,Semestral após 1y
25/07/2025,Equatorial,,alias~,DEB,CVM160,A,"BBI (Líder), IBBA, BV e ABC",unica,5y,CDI,2,,"CDI + 2,00%",,CDI,2.4,,"CDI + 2,40%",40,,,,34/23,,"Taxa Teto: CDI + 2,40%"
28/07/2025,Taesa,,grupo,DEB,12.431,AAA,IBBA (Líder),1a,7y (6/7),NTN-B,-0.57,7.1499,"B32 - 0,57% (IPCA + 7,1499%)",B32,NTN-B,-0.47,B32,"B32 - 0,47% ou IPCA + 6,95%",10,527,400,,14/13,84%,
28/07/2025,Taesa,,grupo,DEB,12.431,AAA,IBBA (Líder),2a,10y (8/9/10),NTN-B,-0.3,7.2096,"B35 - 0,30% (IPCA + 7,2096%)",B35,NTN-B,-0.44,B35,"B35 - 0,44% Des(-0,30%) ou IPCA + 6,80%",-14,101,400,,10/10,,
28/07/2025,Localiza,,grupo,DEB,CVM160,AAA,"UBS BB(Líder), XP, BBI, IBBA e BV",unica,7y (5/6/7),CDI,1.3,,"CDI + 1,30%",,,,,,,,,,12/12,,
28/07/2025,Conasa,,grupo,DEB,12.431,AA,BTG (Líder) e Santander,unica,17y Custom.,NTN-B,0.9,8.4973,"B35 + 0,90% (IPCA + 8,4973%)",B35,NTN-B,1.3,B35,"B35 + 1,30%",40,,,,26/26,,
29/07/2025,Vulcabras,,grupo,DEB,CVM160,,Santander(Líder) e XP,unica,5y (2/3/4/5),CDI,0.75,,"CDI + 0,75%",,CDI,0.6,,"CDI + 0,60 Des(0,75%)",-15,,,,,,
29/07/2025,Alupar,,grupo,DEB,CVM160,,IBBA (Líder) e XP,unica,5y bullet,CDI,0.54,,"CDI + 0,54%",,CDI,0.49,,"CDI + 0,49% Des(0,54%)",-5,380,380,1,,,
29/07/2025,Ambiental,,grupo,DEB,12.431,,BTG (Líder),unica,10y Semestral,NTN-B,1.6,9.4537,"B32 + 1,60% (IPCA + 9,4537%)",B32,NTN-B,1.6,B32,"B32 + 1,60% ou IPCA + 7,80%",0,,,,15/15,,
30/07/2025,Taesa,Taesa IP,grupo,DEB,12.431,AAA,IBBA (L),1a,7y (6/7),,,,Teto - 10bps (fixing hoje),,NTN-B,-0.47,B32,"B32 - 0,47% ou IPCA + 6,95%",,527,400,,14/13,84%,
30/07/2025,Taesa,Taesa IP,grupo,DEB,12.431,AAA,IBBA (L),2a,10y (8/9/10),,,,Teto (fixing hoje),,NTN-B,-0.3,B35,"B35 - 0,30% (deságio do -0,44%) ou IPCA + 6,80%",,101,400,,10/10,,
04/08/2025,Way Brasil,,alias,DEB,12.431,AA,"BNDES (Líder), BTG e Daycoval",unica,"20y Semestral, 4y car.",NTN-B,0.65,8.1674,"B35 + 0,65% (IPCA + 8,1674%)",B35,NTN-B,0.95,B35,"B35 + 0,95% ou IPCA + 8,51%",30,,,,25/25,,
06/08/2025,Celesc,,grupo,DEB,CVM160,AA,BV (Líder) e Santander,unica,6y Semestral a partir do 42º mês,CDI,0.74,,"CDI + 0,74%",,CDI,0.67,,"CDI + 0,67% Des(0,75%)",-7,,,,8/8,,
07/08/2025,Usina Santa FE,Santa Fé,grupo,DEB,CVM160,,BOCOM BBM,unica,8y (4/5/6/7/8),IPCA,9.0161,,"IPCA + 9,0161%",,,,,,,250,250,1.25,16/16,,
08/08/2025,Vero,Vero,alias,DEB,12.431,A,"BTG, BBI",1a,7y (6/7),Fixa,30,,"PréDI Jan30 + 1,45% ou 14,90% dos dois o maior - Fixing Hoje",,,,,,,75,75,,,,
08/08/2025,Vero,Vero,alias,DEB,12.431,A,"BTG, BBI",2a,7y (6/7),NTN-B,1.55,9,"NTN-B32 + 1,55% ou IPCA + 9,00% dos dois o maior - Fixing Hoje",B32,,,,,,203.95,203.95,,,,
08/08/2025,Vero,Vero,alias,DEB,12.431,A,"BTG, BBI",3a,10y (8/9/10),NTN-B,1.65,9.05,"NTN-B33 + 1,65% ou IPCA + 9,05% dos dois o maior - Fixing Hoje",B33,,,,,,21,21,,,,
08/08/2025,Auren,,grupo,DEB,12.431,AAA,"BV (Líder), XP, UBS BB, SAN, BBI e BBA.",unica,12y 10/11/12,,0.1,,"B35 – 0,10% (deságio – fixing hoje)",,NTN-B,-0.41,B35,"B35 -0,41%",,,,,15/15,,
08/08/2025,Cagece,,grupo,DEB,CVM160,AA,IBBA (Líder),1a,7y semestral após 66m,CDI,1.37,,"CDI + 1,37%",,CDI,1.37,,"CDI + 1,37%",0,300,300,,,,
08/08/2025,Cagece,,grupo,DEB,CVM160,AA,IBBA (Líder),2a,10y semestral após 102m,CDI,1.7,,"CDI + 1,70%",,CDI,1.7,,"CDI + 1,70%",0,100,100,,,,
11/08/2025,NTS,,grupo,DEB,12.431,AAA,XP (Líder),unica,15y (13/14/15),NTN-B,-0.25,6.9214,"IPCA + 6,9214% (B40 -0,25%)",B40,,,,,,,,,4/4(clubdeal),,
11/08/2025,Rialma,,grupo,DEB,12.431,AAA,BTG (Líder) e BBI,1a,"24y (Amort. Semestral, cust.)",NTN-B,0.5,7.7253,"B40+ 0,50% (IPCA + 7,7253%)",B40,,,,,,,4,,,,Oferta base: R$ 400 MM
11/08/2025,Rialma,,grupo,DEB,12.431,AAA,BTG (Líder) e BBI,2a,"24y (Amort. Semestral, cust.)",NTN-B,0.5,7.7253,"B40+ 0,50% (IPCA + 7,7253%)",B40,,,,,,,2.5,,,,Oferta base: R$ 480 MM
12/08/2025,Origem Energia,,grupo,DEB,12.431,A,"BTG (Líder), XP e IBBA",1a,"10,5y (amort. customizada)",NTN-B,2.3,10.0361,"IPCA + 10,0361% (B32 + 2,30%)",B32,NTN-B,2.3,B32,"B32 + 2,30% ou IPCA + 9,87%",0,424,841,,23/23,,Demanda: R$424mn
12/08/2025,Origem Energia,,grupo,DEB,12.431,A,"BTG (Líder), XP e IBBA",2a,"10,5y (amort. customizada)",,15.63,,"15,63% (DI1F30 + 2,13%)",,,2.1,,"DI1F30 + 2,10% ou 15,63%",-1353,276,559,,15/15,,Demanda: R$276mn
12/08/2025,CESP - COMPANHIA ENERGETICA DE SAO PAULO,,emissor,DEB,CVM160,AAA,"BB (Líder), XP, BV, SAN, BBI e BBA.",unica,7y (6/7),CDI,0.67,,"CDI + 0,67%",,CDI,0.62,,"CDI + 0,62%(deságio 0,67%)",-5,1040,2100,,,,
14/08/2025,,,,DEB,CVM160,AA,"UBS BB(Líder), BTG e Santander",unica,5y Bullet,CDI,1.18,,"CDI + 1,18%",,CDI,1.18,,"CDI + 1,18%",0,,,,,,
15/08/2025,Agrovale,,grupo,DEB,12.431,,BOCOM BBM(Líder) e Santander,unica,7y (6/7),NTN-B,0.55,8.2145,"B30 + 0,55% (IPCA + 8,2145%) (-35bps)",B30,NTN-B,0.9,B30,"B30 + 0,90% ou IPCA + 8,50%",35,,,,16/9,,
18/08/2025,Hypera,,grupo,DEB,CVM160,AAA,"BBA(Líder), XP, Inter, BV, BNP e BBI",unica,5y (4/5),CDI,0.75,,"CDI + 0,75%",,CDI,0.75,,"CDI + 0,75%",0,,,,,,
19/08/2025,Neoenergia,,alias~,DEB,12.431,AAA,UBS BB (Líder) e XP,1a,10y Bullet,NTN-B,-0.24,7.0964,"B40 - 0,24% (IPCA + 7,0964%)",B40,NTN-B,-0.5,B40,"B40 - 0,50% ou IPCA + 6,40% Des(-0,24%)",-26,60,300,,,,
19/08/2025,Neoenergia,,alias~,DEB,12.431,AAA,UBS BB (Líder) e XP,2a,15y (13/14/15),NTN-B,-0.14,7.2037,"B40 - 0,14% (IPCA + 7,2037%)",B40,NTN-B,-0.55,B40,"B40 - 0,55% ou IPCA + 6,34% Des(-0,14%)",-41,40,300,,,,
19/08/2025,Mills,,grupo,DEB,CVM160,AA,"BTG(Líder), Santander e Safra",1a,5y (4/5),CDI,0.9,,"CDI + 0,90%",,CDI,0.96,,"CDI + 0,96% Des(1,05%)",6,815,500,,17/12,,
19/08/2025,Mills,,grupo,DEB,CVM160,AA,"BTG(Líder), Santander e Safra",2a,7y (67/),,,,,,,,,,,122,,,5/0,,
21/08/2025,REDE DOR SAO LUIZ S/A,Rede Dor,emissor,DEB,,brAAA,,1a,7 bullet,CDI,1,,CDI+1.00%,,,,,,,2166,1155,,,,
21/08/2025,REDE DOR SAO LUIZ S/A,Rede Dor,emissor,DEB,,brAAA,,2a,8/9/10,CDI,1.15,,CDI+1.15%,,,,,,,620,531,,,,
21/08/2025,REDE DOR SAO LUIZ S/A,Rede Dor,emissor,DEB,,brAAA,,3a,13/14/15,CDI,1.55,,CDI+1.55%,,,,,,,558,558,,,,
25/08/2025,NTS,,grupo,DEB,CVM160,AAA,UBS BB(Líder),unica,6y Bullet,CDI,0.9,,"CDI + 0,90%",,CDI,0.9,,"CDI + 0,90%",0,,,,12/12,,
25/08/2025,,Sec,,DEB,CVM160,AA,"BTG (Líder), BBI e Santander",1a,5y (3/4/5),CDI,2,,"CDI + 2,0%",,CDI,1.35,,"CDI + 1,35% Des(2,0%)",-65,268,600,,8/8,,
25/08/2025,,Sec,,DEB,CVM160,AA,"BTG (Líder), BBI e Santander",2a,7y (6/7),,,,,,CDI,1.55,,"CDI + 1,55%",,,,,,,
26/08/2025,,s,,DEB,12.431,,,1a,10y,,,,,,,,,,,,,,,,
26/08/2025,,s,,DEB,12.431,,,2a,15y,,,,,,,,,,,190,600,,11/11,,
26/08/2025,Neoenergia,CELPE,alias~,DEB,12.431,AAA,BB (Líder) e XP,1a,10y full bullet,IPCA,6.7929,,"NTNB40-0,50% (IPCA+6,7929%)",,IPCA,6.4,,"NTNB40-0,50% ou IPCA+6,40%",-39,176.3,300,,8/8,,
26/08/2025,Neoenergia,CELPE,alias~,DEB,12.431,AAA,BB (Líder) e XP,2a,15y 13/14/15,IPCA,6.8465,,"NTNB40-0,45% (IPCA+6,8465%)",,NTN-B,-0.45,B40,"NTNB40-0,55% ou IPCA+ 6,35% (deságio B40-0,45%)",,9.6,300,,7/7,,
27/08/2025,Azzas,,grupo,DEB,CVM160,AA,XP(Líder) e IBBA,unica,5y (4/5),CDI,1.3,,"CDI + 1,30%",,CDI,1.25,,"CDI + 1,25% Des(1,30%)",-5,,,,6/6,,
27/08/2025,Aegea,,grupo,DEB,CVM160,AA,BTG(Líder),unica,7y (5/6/7),CDI,1.7,,"CDI + 1,70%",,,,,,,,,,,,
28/08/2025,Localiza,,grupo,DEB,CVM160,AAA,Santander (Líder),1a,6y (5/6),CDI,1.25,,"CDI + 1,25%",,CDI,1.18,,"CDI + 1,18% Des(1,25%)",-7,100,100,,,,
28/08/2025,Localiza,,grupo,DEB,CVM160,AAA,Santander (Líder),2a,7y (6/7),CDI,1.35,,"CDI + 1,35%",,CDI,1.28,,"CDI + 1,28% Des(1,35%)",-7,500,500,,,,
28/08/2025,Pedras,,grupo,DEB,CVM160,,IBBA(Líder) e BTG,unica,3y Bullet,CDI,0.37,,"CDI + 0,37%",,CDI,0.37,,"CDI + 0,37%",0,,,,,,
28/08/2025,Salta Educação,,grupo,DEB,CVM160,,IBBA(Líder) e XP,unica,7y 4/5/6/7,CDI,1.3,,"CDI + 1,30%",,,,,,,,,,,,
28/08/2025,EcoRodovias,,alias,DEB,12.431,AAA,BNDES (Líder) e Santander,1a,22y,NTN-B,1,8.3702,"B40 + 1,0% (IPCA + 8,3702%)",B40,NTN-B,1,B40,"B40 + 1,0% ou IPCA + 8,30%",0,100,2050,,,,
28/08/2025,EcoRodovias,,alias,DEB,12.431,AAA,BNDES (Líder) e Santander,2a,22y,NTN-B,1,8.3702,"B40 + 1,0% (IPCA + 8,3702%)",B40,NTN-B,1,B40,"B40 + 1,0% ou IPCA + 8,30%",0,910,1905,,,,
02/09/2025,SMARTFIT ESCOLA DE GINASTICA E DANCA S/A,,emissor,DEB,CVM160,AA,BTG(Líder),unica,5y (4/5),CDI,0.65,,"CDI + 0,65%",,CDI,0.65,,"CDI + 0,65%",0,,,,13/13,,
02/09/2025,Motiva,,alias,DEB,CVM160,AAA,IBBA(Líder),unica,3y Bullet,CDI,0.4,,"CDI + 0,40%",,CDI,0.38,,"CDI + 0,38% Des(0,40%)",-2,,,,,,
03/09/2025,Vivara,,grupo,DEB,CVM160,AAA,IBBA(Líder),unica,5y (4/5),CDI,0.7,,"CDI + 0,70%",,CDI,0.7,,"CDI + 0,70%",0,,,,,,
05/09/2025,Ferrari,,grupo,DEB,12.431,A,BV(Líder),1a,7y (6/7),NTN-B,0.55,8.37,"B30 + 0,55% ou IPCA + 8,37%",B30,,,,,,,,,,,
05/09/2025,Ferrari,,grupo,DEB,12.431,A,BV(Líder),2a,10y (8/9/10),NTN-B,0.85,8.6558,"B33 + 0,85% (IPCA + 8,6558%)",B33,,,,,,150,150,,5/5,,
10/09/2025,QMC TELECOM DO BRASIL CESSAO DE INFRAESTRUTURA S/A,QMC,emissor,DEB,12.431,A,"IBBA (Líder), BBI, BNP",unica,10y,NTN-B,1.8,,"NTN-B32 + 1,80%",B32,,,,,,1.1,800,1.1,16/15,,
10/09/2025,Itaú,,grupo,DEB,CVM160,AAA,BTG(Líder) e UBS BB,unica,10y (7/8/9/10),CDI,0.6,,"CDI + 0,60%",,CDI,0.6,,"CDI + 0,60%",0,,,,,,
12/09/2025,CBO,enture 160,grupo,DEB,,A,SAN/ABC,unica,4 anos,CDI,1.9,,"CDI + 1,90%",,,,,,,2169,1.9,4.2,,,
15/09/2025,Energisa,Energisa MT (com aval Energisa S.A.),grupo,DEB,CVM160,AAA,IBBA,1a,10y bullet,NTN-B,-0.4,,"B35 - 0,40% (fixing hoje)",B35,NTN-B,-0.15,B35,"IPCA + 6,95% ou B35 - 0,35% (deságio para B35 - 0,15%)",25,2300,550,,34/15,27%,
15/09/2025,Energisa,Energisa MT (com aval Energisa S.A.),grupo,DEB,CVM160,AAA,IBBA,2a,15y (13/14/15),NTN-B,-0.3,,"B40 - 0,30% (fixing hoje)",B40,NTN-B,-0.05,B40,"IPCA + 6,85% ou B40 - 0,32% (deságio para B40 - 0,05%)",25,875,450,,15/8,82%,
15/09/2025,Energisa,Energisa MS (com aval Energisa S.A.),grupo,DEB,CVM160,AAA,IBBA,1a,10y bullet,NTN-B,-0.45,,"B35 - 0,45% (fixing hoje)",B35,NTN-B,-0.35,B35,"IPCA + 6,95% ou B35 - 0,35%",10,1400,540,,31/21,71%,
15/09/2025,Energisa,Energisa MS (com aval Energisa S.A.),grupo,DEB,CVM160,AAA,IBBA,2a,15y (13/14/15),NTN-B,-0.32,,"B40 - 0,32% (fixing hoje)",B40,NTN-B,-0.32,B40,"IPCA + 6,85% ou B40 - 0,32%",0,346,360,,17/17,100%,
16/09/2025,Energisa,,grupo,DEB,CVM160,AAA,BTG(Líder),unica,7y (6/7),CDI,0.75,,"CDI + 0,75%",,,,,,,,,,,,
17/09/2025,Energisa,Energisa Mato Grosso (com aval Energisa S.A.),grupo,DEB,CVM160,AAA,IBBA,1a,10y bullet,NTN-B,-0.4,7.0999,"B35 - 0,40% (IPCA+7,0999%)",B35,NTN-B,-0.15,B35,"IPCA + 6,95% ou B35 - 0,35% (deságio para B35 - 0,15%)",25,2300,550,,34/15,27%,
17/09/2025,Energisa,Energisa Mato Grosso (com aval Energisa S.A.),grupo,DEB,CVM160,AAA,IBBA,2a,15y (13/14/15),NTN-B,-0.3,6.9467,"B40 - 0,30% (IPCA+6,9467%)",B40,NTN-B,-0.05,B40,"IPCA + 6,85% ou B40 - 0,32% (deságio para B40 - 0,05%)",25,875,450,,15/8,82%,
17/09/2025,Energisa,Energisa Mato Grosso do Sul (com aval Energisa S.A.),grupo,DEB,CVM160,AAA,IBBA,1a,10y bullet,NTN-B,-0.45,7.0461,"B35 - 0,45% (IPCA+7,0461%)",B35,NTN-B,-0.35,B35,"IPCA + 6,95% ou B35 - 0,35%",10,1400,540,,31/21,71%,
17/09/2025,Energisa,Energisa Mato Grosso do Sul (com aval Energisa S.A.),grupo,DEB,CVM160,AAA,IBBA,2a,15y (13/14/15),NTN-B,-0.32,6.9467,"B40 - 0,32% (IPCA+6,9467%)",B40,NTN-B,-0.32,B40,"IPCA + 6,85% ou B40 - 0,32%",0,346,360,,17/17,100%,
17/09/2025,Energisa,Energisa Sergipe (com aval Energisa S.A.),grupo,DEB,CVM160,AAA,IBBA,1a,10y bullet,NTN-B,-0.35,7.1536,"B35 - 0,35% (IPCA+7,1536%)",B35,NTN-B,-0.35,B35,"IPCA + 6,95% ou B35 - 0,35%",0,0,350,,N/A,,
17/09/2025,Energisa,Energisa Sergipe (com aval Energisa S.A.),grupo,DEB,CVM160,AAA,IBBA,2a,15y (13/14/15),NTN-B,-0.32,6.9467,"B40 - 0,32% (IPCA+6,9467%)",B40,NTN-B,-0.32,B40,"IPCA + 6,85% ou B40 - 0,32%",0,0,240,,N/A,,
18/09/2025,Coqueiros,,grupo,DEB,CVM160,,IBBA(Líder) e BTG,unica,5y Bullet,CDI,0.6,,"CDI + 0,60%",,CDI,0.55,,"CDI + 0,55% Des(0,60%)",-5,,,,,,
19/09/2025,,LM Mobilidade,,DEB,CVM160,AA,"BBI (Líder), IBBA, XP e Credit Agricole",1a,3y Bullet,CDI,1.3,,"CDI + 1,30%",,,,,,,981,1140,,18/18,,
19/09/2025,,LM Mobilidade,,DEB,CVM160,AA,"BBI (Líder), IBBA, XP e Credit Agricole",2a,5y Bullet,CDI,1.5,,"CDI + 1,50%",,,,,,,112,112,,4/4,,
19/09/2025,Localiza,Localiza Fleet,grupo,DEB,CVM160,AAA,"IBBA (Líder), BBI, Santander e UBS BB",1a,5y (4/5),CDI,0.91,,"CDI + 0,91%",,CDI,0.95,,"CDI + 0,95%",4,827,600,,10/9,,
19/09/2025,Localiza,Localiza Fleet,grupo,DEB,CVM160,AAA,"IBBA (Líder), BBI, Santander e UBS BB",2a,7y (6/7),CDI,1.15,,"CDI + 1,15%",,CDI,1.25,,"CDI + 1,25%",10,847,400,,23/15,,
19/09/2025,B3 S.A. - BRASIL BOLSA BALCAO,ênture B3,emissor,DEB,,AAA,,1a,5y,CDI,0.45,,"CDI + 0,45%",,CDI,0.55,,"CDI+0,55%",10,5900,2600,,28/21,"60,8%",
19/09/2025,Winity,,grupo,DEB,12.431,AA,IBBA(Líder) e ABC,unica,"10y semestral, 4y carência",NTN-B,1.05,8.8737,"B32 + 1,05% (IPCA + 8,8737)",B32,NTN-B,0.8,B32,"B32 + 0,80% ou IPCA + 8,42% Des(1,05%)",-25,,,,3,,
22/09/2025,BTG Pactual,,alias,DEB,12.431,,BTG,1a,10y Bullet,Fixa,31,,"Pré DI Jan/31 - 0,70% (12,4821%)",,Fixa,31,,"Pré DI Jan/31 - 0,50%",0,,346.2,,,,
22/09/2025,BTG Pactual,,alias,DEB,12.431,,BTG,2a,10y Bullet,NTN-B,-0.7,6.7214,"B35 - 0,70% (IPCA + 6,7214%)",B35,NTN-B,-0.5,B35,"B35 - 0,50%",20,,469.9,,,,
22/09/2025,BTG Pactual,,alias,DEB,12.431,,BTG,3a,15y Bullet,Fixa,32,,"Pré DI Jan/32 - 0,70% (12,5794%)",,Fixa,32,,"Pré DI Jan/32 - 0,40%",0,,125,,,,
22/09/2025,BTG Pactual,,alias,DEB,12.431,,BTG,4a,15y Bullet,NTN-B,-0.7,6.477,"B40 - 0,70% (IPCA + 6,4770%)",B40,NTN-B,-0.4,B40,"B40 - 0,40%",30,,58.8,,,,
24/09/2025,AXS Energia,,alias~,DEB,12.431,,XP (Líder),unica,16y,NTN-B,3.02,10.76,"IPCA + 10,76% (B35 + 3,02%)",B35,,,,,,90,170,,3/3<Mensagemeditada>,,"Semestral, a partir do 24º mês"
26/09/2025,Equatorial,EQUATORIAL PARÁ(CELPA),alias~,DEB,CVM160,AAA,"XP (Líder), IBBA, BTG e BV",unica,7y (4/5/6/7),CDI,0.69,,"CDI + 0,69%",,CDI,0.65,,"CDI+0,65%(deságio 0,69%)",-4,,,,15/15,,
26/09/2025,Usina Santa Adelia,enture,grupo,DEB,12.431,,SAN/XP/BV,1a,7y,NTN-B,20,,B30 + 20bps (Teto - 40bps),B30,,,,,,397.3,,,19/12,,
26/09/2025,Usina Santa Adelia,enture,grupo,DEB,12.431,,SAN/XP/BV,2a,10y,NTN-B,35,,B32 + 35bps (Teto - 45bps),B32,,,,,,390.6,,,17/7,,
26/09/2025,Equatorial,,grupo,DEB,12.431,AAA,IBBA(Líder),unica,12y (9/10/11/12),NTN-B,-0.15,7.3682,"B35 - 0,15% (IPCA + 7,3682%)",B35,NTN-B,-0.31,B35,"B35 - 0,31% ou IPCA + 6,75% Des(B35 - 0,15%)",-16,,,,,,
30/09/2025,GSH Corp,,grupo,DEB,CVM160,A,"XP (Líder), IBBA, Safra e Citi",unica,"5y (amort sem após 1,5y)",CDI,2.5,,"CDI + 2,50%",,,,,,,,,,Clubdeal7/7,,"Taxa fixa: CDI+2,50%"
30/09/2025,MetroRio,,alias,DEB,12.431,AA,"BTG(Líder), Santander e BBI",unica,"16,5y Customizado",NTN-B,0.25,7.8868,"B35 + 0,25% (IPCA + 7,8868%)",B35,NTN-B,1,B35,"B35 + 1,0% ou IPCA + 8,25%",75,,,,66/42,de 83%,
02/10/2025,Enel Brasil,,alias,DEB,12.431,AAA,IBBA(Líder),unica,10y (9/10),NTN-B,0.1,7.7544,"B35 + 0,10% (IPCA + 7,7544%)",B35,NTN-B,-0.14,B35,"B35 - 0,14% ou IPCA + 7,15% Des(0,10%)",-24,,,,,,
06/10/2025,CPFL,,grupo,DEB,12.431,AAA,"IBBA(Líder), XP, Safra",unica,"10y (Semestral, carência de 96 meses)",IPCA,7.069,,"B35 – 0,55% (IPCA + 7,0690%)",,,,,,,,,,,,
06/10/2025,CPFL,CPFL RGE SUL,alias~,DEB,12.431,AAA,"IBBA(Líder), XP, Safra",unica,"10y (Semestral, carência de 96 meses)",IPCA,7.069,,"B35 – 0,55% (IPCA + 7,0690%)",,,,,,,,,,,,
06/10/2025,CPFL,CPFL Paulista,grupo,DEB,12.431,AAA,"IBBA(Líder), XP, Safra",unica,"10y (Semestral, carência de 96 meses)",IPCA,7.069,,"B35 – 0,55% (IPCA + 7,0690%)",,,,,,,,,,,,
06/10/2025,Comgás,,alias,DEB,12.431,AAA,"IBBA (Líder), BBI, Santander, UBS BB",1a,12y Bullet,NTN-B,-0.8,6.7998,"B35 - 0,80% (IPCA + 6,7998%)",B35,NTN-B,-0.8,B35,"B35 - 0,80% Des(B35 – 0,52%)",0,1992,300,6.64,22/15,,
06/10/2025,Comgás,,alias,DEB,12.431,AAA,"IBBA (Líder), BBI, Santander, UBS BB",2a,15y (13/14/15),IPCA,6.5846,,"B40 – 0,75% (IPCA + 6,5846%)",,,0.75,,"B40 – 0,75% Des(B40 – 0,42%)",,867,700,1.24,10/6,,
07/10/2025,Argo,Argo Energia,grupo,DEB,,AAA,,1a,,CDI,0.5,,CDI+0.50%,,CDI,0.55,,CDI+0.55%,5,1017,,,,,
07/10/2025,Argo,Argo Energia,grupo,DEB,,AAA,,2a,,CDI,0.65,,CDI+0.65%,,CDI,0.65,,CDI+0.65%,0,792,,,,,
07/10/2025,Argo,Argo Energia,grupo,DEB,,AAA,,3a,,CDI,0.8,,CDI+0.80%,,CDI,0.8,,CDI+0.80%,0,475,,,,,
08/10/2025,Ipiranga Agroindustrial,,grupo,DEB,12.431,AAA,IBBA (Líder) e XP,unica,10y (8/9/10),IPCA,7.1705,,"B35 – 0,50% (IPCA + 7,1705%)",,IPCA,6.6,,"B35 – 0,70% ou IPCA + 6,60% Des(B35 – 0,50%)",-57,,,,2/2,,
13/10/2025,REDECARD INSTITUICAO DE PAGAMENTO S.A,Redecard,emissor,DEB,CVM160,,IBBA (Líder),unica,3y Bullet,CDI,0.4,,"CDI + 0,40%",,CDI,0.4,,"CDI + 0,40%",0,,,,,,
14/10/2025,Celeo Redes,Celeo,grupo,DEB,CVM160,AAA,IBBA (Líder),unica,8y Semestral,CDI,0.53,,"CDI + 0,53%",,CDI,0.53,,"CDI + 0,53%",0,,,,,,
14/10/2025,Qualicorp,Qualicorp,grupo,DEB,CVM160,AAA,IBBA (Líder),unica,4y (2/3/4),CDI,2.5,,"CDI + 2,50%",,CDI,2.5,,"CDI + 2,50%",0,,,,,,
16/10/2025,Hapvida,Hapvida,grupo,DEB,CVM160,AAA,"IBBA (Líder), XP, BBI, BTG, BV, Santander e UBS BB",unica,8y (7/8),CDI,1.05,,"CDI + 1,05%",,CDI,1.05,,"CDI + 1,05%",0,,,,14/14,,
16/10/2025,Eldorado Brasil Celulose,Eldorado,grupo,DEB,12.431,AA,"BBI (Líder), XP, BB, BTG, IBBA e Safra",unica,10y (8/9/10),NTN-B,0.05,7.795,"B35 + 0,05% (IPCA + 7,7950%)",B35,NTN-B,0.05,B35,"B35 + 0,05% ou IPCA + 7,60%",0,,,,,,
17/10/2025,ISA Energia,,alias,DEB,12.431,AAA,"BTG(Líder), IBBA, UBS BB e Santander",1a,12y Bullet,NTN-B,-0.9,6.6382,"B40 - 0,90% (IPCA + 6,6382%)",B40,NTN-B,-0.9,B40,"B40 - 0,90% ou IPCA + 6,25%",0,986,1000,,,,
17/10/2025,ISA Energia,,alias,DEB,12.431,AAA,"BTG(Líder), IBBA, UBS BB e Santander",2a,15y( 14/15),NTN-B,-0.88,6.6598,"B40 - 0,88% (IPCA + 6,6598%)",B40,NTN-B,-0.88,B40,"B40 - 0,88% ou IPCA + 6,25%",0,561,1000,,,,
17/10/2025,Afya,,grupo,DEB,CVM160,AAA,"IBBA (líder), BBI, BTG, BV e Santander",1a,3y Bullet,CDI,0.7,,"CDI + 0,70%",,CDI,0.7,,"CDI + 0,70%",0,500,500,,,,
17/10/2025,Afya,,grupo,DEB,CVM160,AAA,"IBBA (líder), BBI, BTG, BV e Santander",2a,5y (4/5),CDI,0.85,,"CDI + 0,85%",,CDI,0.85,,"CDI + 0,85%",0,1000,1000,,,,
20/10/2025,Vix,Vix e Let’s Rent a Car,grupo,DEB,CVM160,AA,XP (Líder),unica,6y (4/5/6),CDI,1.25,,"CDI + 1,25%",,CDI,1.25,,"CDI + 1,25%",0,136.12,600,,6/6,,
21/10/2025,C&A,C&A,grupo,DEB,CVM160,AA,UBS BB (Líder) e IBBA,1a,3y bullet,CDI,0.8,,"CDI + 0,80%",,CDI,0.9,,"CDI + 0,90%",10,218,200,,9/9,,
21/10/2025,C&A,C&A,grupo,DEB,CVM160,AA,UBS BB (Líder) e IBBA,2a,5y (3/4/5),CDI,1,,"CDI + 1,00%",,CDI,1.05,,"CDI + 1,05%",5,160,100,,4/4,,
22/10/2025,Dexco,Dexco,grupo,DEB,CVM160,AA,"IBBA (Líder), BTG e UBS BB",unica,6y (5/6),CDI,0.6,,"CDI + 0,60%",,CDI,0.53,,"CDI + 0,53% Des(0,60%)",-7,,,,3/3,,
23/10/2025,Arteris,,grupo,DEB,12.431,AA,BTG (Líder),1a,7 (6/7),NTN-B,0.4,8.2857,"B32 + 0,40% (IPCA + 8,2857%)",B32,NTN-B,0.4,B32,"B32 + 0,40%",0,149,300,,15/15,,
23/10/2025,Arteris,,grupo,DEB,12.431,AA,BTG (Líder),2a,7y (6/7),,0.35,,"DI Jan/30 + 0,35% (13,6758%)",,,0.35,,"DI Jan/30 + 0,35%",0,27,300,,7/7,,
27/10/2025,BRK,BRK,grupo,DEB,,AA,"Bradesco BBI (Líder), ABC, BNP e XP",unica,5y (Bullet),CDI,1.9,,"CDI+ 1,90%",,,,,,,327,1500,,15,,
27/10/2025,Copasa,Copasa,grupo,DEB,,AAA,,1a,10 anos,,,,,,CDI,0.52,,"/Final: CDI+0,52% (deságio: CDI+0,59%).",,396.7,300,,7/7,,"Trimestral, a partir do 36º mês"
27/10/2025,Copasa,Copasa,grupo,DEB,,AAA,,2a,10 anos,,,,,,NTN-B,0.54,B32,"/Final: B32+0,54% (deságio: B32+0,64%) equiv. IPCA+8,3342% e IPCA+8,4419%.",,152.1,300,,5/5,,"Trimestral, a partir do 36º mês"
27/10/2025,Equatorial,,alias~,DEB,CVM160,AAA,"IBBA (Líder), XP e BTG",unica,7y Custom. 4y Car.,CDI,0.69,,"CDI + 0,69%",,CDI,0.65,,"CDI + 0,65% Des(0,69%)",-4,1057,4000,0.26,6/6,,
27/10/2025,Copasa,,grupo,DEB,CVM160,AAA,"BV (Líder), Safra e Santander",1a,"10y Trimestral, 3y car",CDI,0.59,,"CDI + 0,59%",,CDI,0.52,,"CDI + 0,52% Des(0,59%)",-7,396.7,300,,7/7,,
27/10/2025,Copasa,,grupo,DEB,CVM160,AAA,"BV (Líder), Safra e Santander",2a,"10y Trimestral, 3y car",NTN-B,0.64,8.4419,"B32 + 0,64% (IPCA + 8,4419%)",B32,NTN-B,0.54,B32,"B32 + 0,54% Des(0,64%)",-10,152.1,300,,5/5,,
27/10/2025,Irani,,grupo,DEB,12.431,AA,BV (Líder),unica,15y (13/14/15),NTN-B,-0.3,7.0279,"B40 - 0,30% (IPCA + 7,0279%)",B40,NTN-B,-0.65,B40,"B40 - 0,65% ou IPCA + 6,50% Des(-0,30%)",-35,,,,,,
27/10/2025,,,,DEB,12.431,AAA,IBBA (Líder),1a,10y Custom.,NTN-B,-0.7,7.1287,"B30 - 0,70% (IPCA + 7,1287%)",B30,NTN-B,-0.7,B30,"B30 - 0,70% ou IPCA + 6,94%",0,163,30,,,,
28/10/2025,SMARTFIT ESCOLA DE GINASTICA E DANCA S/A,,emissor,DEB,CVM160,AA,"UBS BB (Líder), ABC, BTG, Santander e XP",1a,5y (4/5),CDI,0.6,,"CDI + 0,60%",,CDI,0.58,,"CDI + 0,58% Des(0,60%)",-2,150,500,,1/1,,
28/10/2025,SMARTFIT ESCOLA DE GINASTICA E DANCA S/A,,emissor,DEB,CVM160,AA,"UBS BB (Líder), ABC, BTG, Santander e XP",2a,7y (6/7),CDI,0.77,,"CDI + 0,77%",,CDI,0.68,,"CDI + 0,68% Des(0,77%)",-9,158,300,,3/3,,
28/10/2025,SMARTFIT ESCOLA DE GINASTICA E DANCA S/A,,emissor,DEB,CVM160,AA,"UBS BB (Líder), ABC, BTG, Santander e XP",3a,10y (8/9/10),CDI,1.04,,"CDI + 1,04%",,CDI,0.95,,"CDI + 0,95% Des(1,04%)",-9,45,200,,1/1,,
30/10/2025,Taesa,,grupo,DEB,CVM160,AAA,BTG (Líder),unica,7y (6/7),CDI,0.6,,"CDI + 0,60%",,CDI,0.6,,"CDI + 0,60%",0,,,,,,
31/10/2025,Guararapes,,grupo,DEB,CVM160,A,BBI (Líder) e IBBA,unica,3y (2/3),CDI,1.05,,"CDI + 1,05%",,CDI,0.95,,"CDI + 0,95% Des(1,05%)",-10,,,,,,
07/11/2025,TIM,,grupo,DEB,CVM160,AAA,"Santander (Líder), BBI, IBBA, UBS BB e BV",unica,7y Bullet,CDI,0.75,,"CDI + 0,75%",,CDI,0.6,,"CDI + 0,60% Des(0,75%)",-15,,,,8/8<Mensagemeditada>,,
07/11/2025,Usina Uberaba,,grupo,DEB,12.431,,Safra (Líder) e BV,unica,10y (7/8/9/10),NTN-B,0.4,8.2012,"B32 + 0,40% (IPCA + 8,2012%)",B32,NTN-B,0.4,B32,"B32 + 0,40%",0,,,,,,
11/11/2025,Sabesp,,alias,DEB,CVM160,AAA,"IBBA (Líder), XP e BTG",1a,7y (6/7),CDI,0.69,,"CDI + 0,69%",,CDI,0.69,,"CDI + 0,69%",0,1567.35,3500,,11/11,,
11/11/2025,Sabesp,,alias,DEB,CVM160,AAA,"IBBA (Líder), XP e BTG",2a,10y (8/9/10),CDI,0.9,,"CDI + 0,90%",,CDI,0.9,,"CDI + 0,90%",0,887.31,1500,,12/12,,
11/11/2025,Ânima,,grupo,DEB,CVM160,AA,BTG (Líder),unica,5y (4/5),CDI,1.9,,"CDI + 1,90%",,CDI,1.5,,"CDI + 1,50% Des(1,90%)",-40,,,,,,
26/11/2025,Neoenergia,Neoenergia (Coelba e Cosern),alias~,DEB,12.431,AAA,IBBA (Líder) e XP,1a,7y Bullet,,0.75,,"DI Jan/30 - 0,75%",,,1.07,,"DI Jan/30 - 1,07% Des(-0,75%)",32,31.17,2100,,3/3,,
26/11/2025,Neoenergia,Neoenergia (Coelba e Cosern),alias~,DEB,12.431,AAA,IBBA (Líder) e XP,2a,10y Bullet,NTN-B,-0.7,,"B35 - 0,70% (pendente fixing)",B35,NTN-B,-0.99,B35,"B35 - 0,99% ou IPCA + 6,30% Des(-0,70%)",-29,5.7,1200,,3/3,,
26/11/2025,Neoenergia,Neoenergia (Coelba e Cosern),alias~,DEB,12.431,AAA,IBBA (Líder) e XP,1a,7y Bullet,,1.07,,"DI Jan/30 - 1,07%",,,1.07,,"DI Jan/30 - 1,07%",0,,400,,,,
26/11/2025,Neoenergia,Neoenergia (Coelba e Cosern),alias~,DEB,12.431,AAA,IBBA (Líder) e XP,2a,10y Bullet,NTN-B,-0.99,,"B35 - 0,99% (pendente fixing)",B35,NTN-B,-0.99,B35,"B35 - 0,99% ou IPCA + 6,30%",0,,300,,,,
26/11/2025,Neoenergia,Neoenergia (Coelba e Cosern),alias~,DEB,12.431,AAA,IBBA (Líder) e XP,1a,7y Bullet,,11.9907,,"11,9907% (DI Jan/30 - 0,75%)",,,1.07,,"DI Jan/30 - 1,07% Des(-0,75%)",-1092,31.17,2100,,3/3,,
26/11/2025,Neoenergia,Neoenergia (Coelba e Cosern),alias~,DEB,12.431,AAA,IBBA (Líder) e XP,2a,10y Bullet,NTN-B,-0.7,6.539,"IPCA + 6,5390% (B35 - 0,70%)",B35,NTN-B,-0.99,B35,"B35 - 0,99% ou IPCA + 6,30% Des(-0,70%)",-29,5.7,1200,,3/3,,
26/11/2025,Neoenergia,Neoenergia (Coelba e Cosern),alias~,DEB,12.431,AAA,IBBA (Líder) e XP,1a,7y Bullet,,11.6296,,"11,6296% (DI Jan/30 - 1,07%)",,,1.07,,"DI Jan/30 - 1,07%",-1056,,400,,,,
26/11/2025,Neoenergia,Neoenergia (Coelba e Cosern),alias~,DEB,12.431,AAA,IBBA (Líder) e XP,2a,10y Bullet,NTN-B,-0.9227,6.3,"IPCA + 6,30% (B35 - 0,9227%)",B35,NTN-B,-0.99,B35,"B35 - 0,99% ou IPCA + 6,30%",-7,,300,,,,
01/12/2025,Cogna,Cogna,grupo,DEB,CVM160,AA,"XP (Líder), BBI e UBS-BB",1a,3y Bullet,CDI,0.77,,"CDI + 0,77%",,CDI,0.64,,"CDI + 0,64% Des(0,77%)",-13,77.5,1000,,4/4,,
01/12/2025,Cogna,Cogna,grupo,DEB,CVM160,AA,"XP (Líder), BBI e UBS-BB",2a,5y (4/5),,,,Não Emitida,,CDI,0.75,,"CDI + 0,75% Des(0,84%)",,0,,,,,
08/12/2025,Usina SAO Jose,Usina São José,grupo,DEB,12.431,,"BOCOM BBM (Líder), Itaú BBA, Santander",unica,7 anos,NTN-B,1.2,9.0632,"IPCA + 9,0632% (B30 + 1,20%)",B30,,,,,,116,116,1,6/6,,
10/12/2025,Eletrobras,êntures ELETROBRÁS e ELETRONORTE (AXIA e AXIA NORTE),alias~,DEB,CVM160,AAA,"BBI (Líder), XP, UBS-BB, IBBA e Santander",unica,7 anos (bullet),CDI,0.71,,"CDI + 0,71%",,,,,,,1700,3000,,8/8,,
15/12/2025,Colombo Agroindustria,,grupo,DEB,12.431,AAA,"BTG (Líder), Safra, BV",1a,7y (6/7),NTN-B,0.4,8,"B32+ 0,40% ou IPCA+ 8,00%",B32,NTN-B,0.15,B32,"B32+ 0,15% ou IPCA+7,77% Des(B32+ 0,40%)",-25,442,650,,,,
15/12/2025,Colombo Agroindustria,,grupo,DEB,12.431,AAA,"BTG (Líder), Safra, BV",2a,10y (8/9/10),,,,,,NTN-B,0.3,B35,"B35+ 0,30% ou IPCA+ 7,73%",,0,,,,,
18/12/2025,TIM,,grupo,DEB,CVM160,BB,"UBS BB (Líder), BBI, IBBA",unica,1y Bullet,CDI,0.35,,"CDI + 0,35%",,,,,,,,,,,,
19/12/2025,Yduqs,,grupo,DEB,CVM160,AAA,"BBI (Líder), BTG",unica,4y Bullet,CDI,0.8,,"CDI + 0,80%",,CDI,0.7,,"CDI + 0,70% Des(0,80%)",-10,,,,6/6<Mensagemeditada>,,
05/01/2026,THOPEN SOLAR 55 SPE S.A.,,emissor,DEB,12.431,,XP (Líder),unica,15y Sem.,NTN-B,1.8719,9.6765,"IPCA + 9,6765% (B32 + 1,8719%)",B32,NTN-B,1.8719,B32,"NTN-B32 + 1,8719% ou IPCA + 8,8330%",0,,,,1/1,,
05/01/2026,CPFL,CPFL Paulista e Transmissão,grupo,DEB,CVM160,AAA,BBI (Líder),unica,1y Bullet,CDI,0.3,,"CDI + 0,30%",,CDI,0.3,,"CDI + 0,30%",0,1800,1800,1,,,
14/01/2026,Motiva,,alias~,DEB,12.431,AAA,IBBA (Líder) e BTG,unica,5y Bullet,NTN-B,-0.55,,"B30 - 0,55% Des(-0,50%)",B30,,,,,,,,,,,
22/01/2026,Claro,,grupo,DEB,12.431,AAA,Citi (Líder) e IBBA,unica,10y (8/9/10),IPCA,6.95,,"B35 – 0,65% ou IPCA + 6,95% (pendente fixing)",,IPCA,7.1,,"B35 – 0,50% ou IPCA + 7,10%",15,,,,40/NúmerodeAlocadosnãoinformado,,
22/01/2026,Claro,,grupo,DEB,12.431,AAA,Citi (Líder) e IBBA,unica,10y (8/9/10),IPCA,7.0225,,"IPCA + 7,0225% (B35 – 0,65%)",,IPCA,7.1,,"B35 – 0,50% ou IPCA + 7,10%",8,,,,40/NúmerodeAlocadosnãoinformado,,
22/01/2026,Copel,,grupo,DEB,12.431,AAA,"Santander (Líder), BBI, Safra, UBS BB",unica,12y Custom.,IPCA,7.35,,"IPCA + 7,35% (B35 – 0,35%)",,IPCA,6.8,,"B35 – 0,50% ou IPCA + 6,80% Des(B35 – 0,35%)",-55,2150,3200,0.67,,,
26/01/2026,Azzas,,grupo,DEB,CVM160,AA,CEF (Líder),unica,2y Bullet,CDI,1,,"CDI + 1,00%",,CDI,1,,"CDI + 1,00%",0,,,,,,
26/01/2026,Solví,,grupo,DEB,CVM160,,BBI (Líder) e IBBA,unica,10y (5/6/7/8/9/10),CDI,2.5,,"CDI + 2,50%",,CDI,2.5,,"CDI + 2,50%",0,,,,,,
26/01/2026,Totvs,Totvs,grupo,DEB,CVM160,AAA,IBBA (Líder) e Santander,unica,7y (4/5/6/7),CDI,0.59,,"CDI + 0,59% Des(0,64%)",,,,,,,,,,,,
27/01/2026,Alupar,,grupo,DEB,12.431,AAA,"IBBA (Líder), XP, BTG e Santander",unica,12y Cust.,NTN-B,-0.4,6.4,"NTN-B40 - 0,40% ou IPCA + 6,40% (pendente fixing)",B40,,,,,,,,,,,
03/02/2026,Aegea,,grupo,DEB,CVM160,AA,Santander (Líder),unica,20y Cust.,CDI,1.4,,"CDI + 1,40% (Sem informações sobre deságio)",,CDI,1.4,,"CDI + 1,40%",0,,,,,,
11/02/2026,Equatorial,,grupo,DEB,12.431,AAA,"XP (Líder), IBBA, BTG, e BBI",unica,12y (9/10/11/12),NTN-B,-0.91,6.57,"IPCA + 6,57% (B35 - 0,91%)",B35,NTN-B,-1.01,B35,"B35 - 1,01% ou IPCA + 6,57%",-10,0,3000,0,,,
23/02/2026,Eletrobras,Axia Energia (Eletrobrás),alias~,DEB,12.431,AAA,"BTG (Líder), XP e IBBA",1a,7y Bullet,NTN-B,-0.75,,"B32 - 0,75% (pendente fixing)",B32,NTN-B,-0.9,B32,"B32 - 0,90% ou IPCA + 6,80% Des(-0,65%)",-15,1880,1267,,31/27,"87,22%",
23/02/2026,Eletrobras,Axia Energia (Eletrobrás),alias~,DEB,12.431,AAA,"BTG (Líder), XP e IBBA",2a,10y Bullet,NTN-B,-0.7,,"B35 - 0,70% (pendente fixing)",B35,NTN-B,-0.77,B35,"B35 - 0,77% ou IPCA + 6,80% Des(-0,55%)",-7,655,369,,14/8,100%,
23/02/2026,Eletrobras,Axia Energia (Eletrobrás),alias~,DEB,12.431,AAA,"BTG (Líder), XP e IBBA",3a,15y (13/14/15),NTN-B,-0.55,,"B40 - 0,55% (pendente fixing)",B40,NTN-B,-0.5,B40,"B40 - 0,50% ou IPCA + 6,90% Des(-0,40%)",5,647,364,,10/6,100%,
23/02/2026,Eletrobras,Axia Energia (Eletrobrás),alias~,DEB,12.431,AAA,"BTG (Líder), XP e IBBA",1a,7y Bullet,NTN-B,-0.75,6.8231,"IPCA + 6,8231% (B32 - 0,75%)",B32,NTN-B,-0.9,B32,"B32 - 0,90% ou IPCA + 6,80% Des(-0,65%)",-15,1880,1267,,31/27,"87,22%",
23/02/2026,Eletrobras,Axia Energia (Eletrobrás),alias~,DEB,12.431,AAA,"BTG (Líder), XP e IBBA",2a,10y Bullet,NTN-B,-0.7,6.7116,"IPCA + 6,7116% (B35 - 0,70%)",B35,NTN-B,-0.77,B35,"B35 - 0,77% ou IPCA + 6,80% Des(-0,55%)",-7,655,369,,14/8,100%,
23/02/2026,Eletrobras,Axia Energia (Eletrobrás),alias~,DEB,12.431,AAA,"BTG (Líder), XP e IBBA",3a,15y (13/14/15),NTN-B,-0.55,6.6752,"IPCA + 6,6752% (B40 - 0,55%)",B40,NTN-B,-0.5,B40,"B40 - 0,50% ou IPCA + 6,90% Des(-0,40%)",5,647,364,,10/6,100%,
27/02/2026,Sabesp,/DEB Sabesp,alias,DEB,12.431,AAA,"IBBA (Líder), XP, Santander, BTG, BBI e ABC",1a,10y Bullet,NTN-B,-0.7,,"B35 - 0,70% (pendente fixing)",B35,NTN-B,-0.98,B35,"B35 - 0,98% Des(-0,70%)",-28,1088,1636,,28/28,,
27/02/2026,Sabesp,/DEB Sabesp,alias,DEB,12.431,AAA,"IBBA (Líder), XP, Santander, BTG, BBI e ABC",2a,12y Bullet,NTN-B,-0.6,,"B37 - 0,60% (pendente fixing)",B37,NTN-B,-0.89,B37,"B37 - 0,89% Des(-0,60%)",-29,816,1365,,17/17,,
27/02/2026,Sabesp,/DEB Sabesp,alias,DEB,12.431,AAA,"IBBA (Líder), XP, Santander, BTG, BBI e ABC",3a,15y (13/14/15),NTN-B,-0.45,,"B40 - 0,45% (pendente fixing)",B40,NTN-B,-0.84,B40,"B40 - 0,84% Des(-0,45%)",-39,608,1292,,14/14,,
27/02/2026,Sabesp,/DEB Sabesp,alias,DEB,12.431,AAA,"IBBA (Líder), XP, Santander, BTG, BBI e ABC",1a,7y Bullet,CDI,0.64,,"CDI + 0,64%",,CDI,0.65,,"CDI + 0,65%",1,1092,1000,,13/12,,
27/02/2026,Sabesp,/DEB Sabesp,alias,DEB,12.431,AAA,"IBBA (Líder), XP, Santander, BTG, BBI e ABC",2a,10y (8/9/10),CDI,0.72,,"CDI + 0,72%",,CDI,0.72,,"CDI + 0,72%",0,20,1000,,5/5,,
27/02/2026,FS,,alias~,DEB,12.431,AA,"Santander (Líder), XP e BTG",unica,7y (5/6/7),NTN-B,1.2,9.1451,"B32 + 1,20% ou IPCA + 9,1451% (pendente fixing)",B32,NTN-B,1.2,B32,"B32 + 1,20% ou IPCA + 9,1451%",0,,,,13/13,,
27/02/2026,Sabesp,/DEB Sabesp,alias,DEB,12.431,AAA,"IBBA (Líder), XP, Santander, BTG, BBI e ABC",1a,10y Bullet,NTN-B,-0.7,6.5913,"IPCA + 6,5913% (B35 - 0,70%) Bids/Aloc: 28/28",B35,NTN-B,-0.98,B35,"B35 - 0,98% Des(-0,70%)",-28,1088,1636,,28/28,,
27/02/2026,Sabesp,/DEB Sabesp,alias,DEB,12.431,AAA,"IBBA (Líder), XP, Santander, BTG, BBI e ABC",2a,12y Bullet,NTN-B,-0.6,6.6619,"IPCA + 6,6619% (B37 - 0,60%)",B37,NTN-B,-0.89,B37,"B37 - 0,89% Des(-0,60%)",-29,816,1365,,17/17,,
27/02/2026,Sabesp,/DEB Sabesp,alias,DEB,12.431,AAA,"IBBA (Líder), XP, Santander, BTG, BBI e ABC",3a,15y (13/14/15),NTN-B,-0.45,6.6645,"IPCA + 6,6645% (B40 - 0,45%)",B40,NTN-B,-0.84,B40,"B40 - 0,84% Des(-0,45%)",-39,608,1292,,14/14,,
27/02/2026,Sabesp,/DEB Sabesp,alias,DEB,12.431,AAA,"IBBA (Líder), XP, Santander, BTG, BBI e ABC",1a,7y Bullet,CDI,0.64,,"CDI + 0,64%",,CDI,0.65,,"CDI + 0,65%",1,1092,1000,,13/12,,
27/02/2026,Sabesp,/DEB Sabesp,alias,DEB,12.431,AAA,"IBBA (Líder), XP, Santander, BTG, BBI e ABC",2a,10y (8/9/10),CDI,0.72,,"CDI + 0,72%",,CDI,0.72,,"CDI + 0,72%",0,30,1000,,6/6,,
27/02/2026,FS,,alias~,DEB,12.431,AA,"Santander (Líder), XP e BTG",unica,7y (5/6/7),NTN-B,1.5636,9.1451,"IPCA + 9,1451% (B32 + 1,5636%)",B32,NTN-B,1.2,B32,"B32 + 1,20% ou IPCA + 9,1451%",-36,,,,13/13,,
03/03/2026,,Sec ER 2027,,DEB,CVM160,AAA,XP (Líder),unica,2y (Cash Sweep),,14.947,,"14,9470% (DI1N27 + 1,75%)",,,,,,,1285,1547,0.83,2/2,,
04/03/2026,Compagas,,alias,DEB,12.431,AA,BTG (Líder),unica,15y (13/14/15),NTN-B,-0.3,6.93,"IPCA + 6,93% (B40 - 0,30%)",B40,NTN-B,-0.54,B40,"NTN-B40 - 0,54% ou IPCA + 6,89% Des(-0,30%)",-24,,,,,,
05/03/2026,Energisa,"Energisa (EMT, EPB, ESE, ETO)",grupo,DEB,12.431,AAA,"BBI (Líder), XP, IBBA, Santander, Citi, ABC e Safra",1a,10y Bullet,NTN-B,-0.55,7.0408,"IPCA + 7,0408% (B35 - 0,55%)",B35,NTN-B,-0.9,B35,"B35 - 0,90% ou IPCA + 6,50% Des(-0,55%)",-35,30,747,,1/1,,
05/03/2026,Energisa,"Energisa (EMT, EPB, ESE, ETO)",grupo,DEB,12.431,AAA,"BBI (Líder), XP, IBBA, Santander, Citi, ABC e Safra",2a,15y (13/14/15),NTN-B,-0.4,6.9609,"IPCA + 6,9609% (B40 - 0,40%)",B40,NTN-B,-0.8,B40,"B40 - 0,80% ou IPCA + 6,55% Des(-0,40%)",-40,11.4,253,,3/3,,
05/03/2026,Energisa,"Energisa (EMT, EPB, ESE, ETO)",grupo,DEB,12.431,AAA,"BBI (Líder), XP, IBBA, Santander, Citi, ABC e Safra",1a,10y Bullet,NTN-B,-0.9,6.6675,"IPCA + 6,6675% (B35 - 0,90%)",B35,NTN-B,-0.9,B35,"B35 - 0,90% ou IPCA + 6,50%",0,,669,,,,
05/03/2026,Energisa,"Energisa (EMT, EPB, ESE, ETO)",grupo,DEB,12.431,AAA,"BBI (Líder), XP, IBBA, Santander, Citi, ABC e Safra",2a,15y (13/14/15),NTN-B,-0.78,6.55,"IPCA + 6,55% (B40 - 0,78%)",B40,NTN-B,-0.8,B40,"B40 - 0,80% ou IPCA + 6,55%",-2,,111,,,,
09/03/2026,NTS,12.432 e DEB NTS,grupo,DEB,CVM160,AAA,"XP (Líder), BBI, Santander e Daycoval",unica,15y (13/14/15),NTN-B,-0.6,6.7493,"IPCA + 6,7493% (NTN-B40 - 0,60%)",B40,NTN-B,-1,B40,"NTN-B40 - 1,00% ou IPCA + 6,33% Des(-0,60%)",-40,237,2200,0.11,10/10,,
09/03/2026,NTS,12.432 e DEB NTS,grupo,DEB,CVM160,AAA,"XP (Líder), BBI, Santander e Daycoval",1a,5y (4/5),CDI,0.65,,"CDI + 0,65%",,CDI,0.6,,"CDI + 0,60% Des(0,65%)",-5,237,2200,,8/8,,
09/03/2026,NTS,12.432 e DEB NTS,grupo,DEB,CVM160,AAA,"XP (Líder), BBI, Santander e Daycoval",2a,7y (6/7),,,,,,CDI,0.75,,"CDI + 0,75% Des(0,80%)",,0,,,,,
09/03/2026,NTS,12.432 e DEB NTS,grupo,DEB,CVM160,AAA,"XP (Líder), BBI, Santander e Daycoval",3a,10y (8/9/10),,,,,,CDI,0.9,,"CDI + 0,90% Des(0,95%)",,0,,,,,
10/03/2026,CPFL,,alias~,DEB,12.431,AAA,"IBBA (Líder), USB BB, Safra e BBI",1a,7y Bullet,NTN-B,-0.75,6.91,"IPCA + 6,91% (B33 - 0,75%)",B33,NTN-B,-1.11,B33,"B33 - 1,11% ou IPCA + 5,88% Des(-0,75%)",-36,4,1103,,,,
10/03/2026,CPFL,,alias~,DEB,12.431,AAA,"IBBA (Líder), USB BB, Safra e BBI",2a,10y (8/9/10),NTN-B,-0.7,6.83,"IPCA + 6,83% (B35 - 0,70%)",B35,NTN-B,-1.05,B35,"B35 - 1,05% ou IPCA + 5,88% Des(-0,70%)",-35,0,1103,,,,
11/03/2026,Engie,,grupo,DEB,12.431,AAA,"XP (Líder), IBBA, BV, Safra, UBS BB e Santander",unica,12y (10/11/12),NTN-B,-0.76,6.67,"IPCA + 6,67% (NTN-B37 - 0,76%)",B37,NTN-B,-1.15,B37,"NTN-B37 - 1,15% Des(-0,76%)",-39,,,,,,
11/03/2026,Serena,Serena Geração,grupo,DEB,CVM160,AA,"IBBA (Líder), BTG e Santander",1a,5y Bullet,,,,,,CDI,0.89,,"CDI + 0,89%",,700,1300,,,,
11/03/2026,Serena,Serena Geração,grupo,DEB,CVM160,AA,"IBBA (Líder), BTG e Santander",2a,7y (6/7),CDI,1.02,,"CDI + 1,02%",,CDI,1.02,,"CDI + 1,02%",0,100,100,,,,
11/03/2026,Serena,Serena Geração,grupo,DEB,CVM160,AA,"IBBA (Líder), BTG e Santander",3a,10y (8/9/10),CDI,1.14,,"CDI + 1,14%",,CDI,1.14,,"CDI + 1,14%",0,100,100,,20/20,,
11/03/2026,MRS,,grupo,DEB,12.431,AAA,UBS BB (Líder) e Santander,unica,15y (13/14/15),NTN-B,-0.45,6.84,"IPCA + 6,84% (NTN-B40 - 0,45%)",B40,NTN-B,-0.8,B40,"NTN-B40 - 0,80% Des(-0,45%)",-35,,,,,,
12/03/2026,Copasa,,grupo,DEB,,AAA,"ABC (Líder), UBS BB e BBI",1a,10y Trimestral (3y Car.),CDI,0.65,,"CDI + 0,65%",,CDI,0.65,,"CDI + 0,65%",0,700,1000,,9/9,,
12/03/2026,Copasa,,grupo,DEB,,AAA,"ABC (Líder), UBS BB e BBI",2a,10y Trimestral (3y Car.),NTN-B,0.73,8.57,"IPCA + 8,57% (B32 + 0,73%)",B32,NTN-B,0.73,B32,"NTN-B32 + 0,73% ou IPCA + 8,32%",0,15,1000,,3/3,,
17/03/2026,SMARTFIT ESCOLA DE GINASTICA E DANCA S/A,,emissor,DEB,CVM160,AA,"IBBA (Líder), XP, BBI, BV e Citi",1a,5y (4/5),CDI,0.72,,"CDI + 0,72%",,CDI,0.63,,"CDI + 0,63% Des(0,72%)",-9,282,1120,,5/5,,
17/03/2026,SMARTFIT ESCOLA DE GINASTICA E DANCA S/A,,emissor,DEB,CVM160,AA,"IBBA (Líder), XP, BBI, BV e Citi",2a,7y (6/7),CDI,0.81,,"CDI + 0,81%",,CDI,0.75,,"CDI + 0,75% Des(0,81%)",-6,200,200,,1/1,,
19/03/2026,Neoenergia,,alias~,DEB,12.431,AAA,"BTG (Líder), XP e IBBA",1a,5y Bullet,NTN-B,-0.5,7.366,"IPCA + 7,3660% (B30 - 0,50%)",B30,NTN-B,-0.83,B30,"B30 - 0,83% Des(-0,50%)",-33,446,1132,0.39,17/17,,
19/03/2026,Neoenergia,,alias~,DEB,12.431,AAA,"BTG (Líder), XP e IBBA",2a,7y Bullet,,12.5422,,"12,5422% (DI Jan/32 - 1,12%)",,,1.12,,"DI Jan/32 - 1,12%",-1142,,568,,,,
19/03/2026,Neoenergia,,alias~,DEB,12.431,AAA,"BTG (Líder), XP e IBBA",1a,5y Bullet,NTN-B,-0.5,7.366,"IPCA + 7,3660% (B30 - 0,50%)",B30,NTN-B,-0.83,B30,"B30 -0,83% Des(-0,50%)",-33,305,600,0.51,17/17,,
19/03/2026,Neoenergia,,alias~,DEB,12.431,AAA,"BTG (Líder), XP e IBBA",2a,7y Bullet,,12.5422,,"12,5422% (DI Jan/32 - 1,12%)",,,1.12,,"DI Jan/32 - 1,12%",-1142,,300,,,,
19/03/2026,Neoenergia,,alias~,DEB,12.431,AAA,"BTG (Líder), XP e IBBA",1a,5y Bullet,NTN-B,-0.5,7.366,"IPCA + 7,3660% (B30 - 0,50%)",B30,NTN-B,-0.83,B30,"B30 -0,83% Des(-0,50%)",-33,260,600,0.43,17/17,,
19/03/2026,Neoenergia,,alias~,DEB,12.431,AAA,"BTG (Líder), XP e IBBA",2a,7y Bullet,,12.5422,,"12,5422% (DI Jan/32 - 1,12%)",,,1.12,,"DI Jan/32 - 1,12%",-1142,,300,,,,
19/03/2026,Neoenergia,,alias~,DEB,12.431,AAA,"BTG (Líder), XP e IBBA",1a,5y Bullet,NTN-B,-0.5,7.366,"IPCA + 7,3660% (B30 - 0,50%)",B30,NTN-B,-0.83,B30,"B30 -0,83% Des(-0,50%)",-33,145,335,0.43,17/17,,
19/03/2026,Neoenergia,,alias~,DEB,12.431,AAA,"BTG (Líder), XP e IBBA",2a,7y Bullet,,12.5422,,"12,5422% (DI Jan/32 - 1,12%)",,,1.12,,"DI Jan/32 - 1,12%",-1142,,165,,,,
19/03/2026,TIM,,grupo,DEB,CVM160,AAA,IBBA (Líder) e BBI,unica,7y Bullet,CDI,0.7,,"CDI + 0,70%",,CDI,0.64,,"CDI + 0,64% Des(0,70%)",-6,,,,,,
23/03/2026,Motiva,,alias~,DEB,12.431,AAA,"Safra (Líder), XP e BV",unica,5y Bullet,NTN-B,-0.95,6.91,"IPCA + 6,91% (NTN-B 30 - 0,95%)",B30,NTN-B,-0.95,B30,"NTN-B 30 - 0,95%",0,,,,,,
24/03/2026,S/a Usina Coruripe Acucar e Alcool,,grupo,DEB,12.431,,BOCOM BBM,unica,8y Sem (1y Car.),NTN-B,500,13.3904,"IPCA + 13,3904% (B30 + 500bps)",B30,,,,,,,,,9/9,,
26/03/2026,Comgás,Comgás,alias,DEB,CVM160,AA,XP (Líder),unica,3y Bullet,CDI,0.75,,"CDI + 0,75%",,,,,,,,,,26/26,,
30/03/2026,Unifique,,grupo,DEB,12.431,AA,IBBA (Líder) e BTG,unica,7y Sem. (3y Car.),NTN-B,-0.05,7.99,"IPCA + 7,99% (NTN-B 30 - 0,05%)",B30,NTN-B,-0.05,B30,"NTN-B 30 - 0,05% ou IPCA + 7,30%",0,,,,11/11,,
31/03/2026,ISA Energia,,alias~,DEB,12.431,AAA,"UBS BB (Líder), BBI e IBBA",unica,15y Bullet,NTN-B,-0.46,6.9,"IPCA + 6,90% (NTN-B 40 - 0,46%) <Mensagem editada>",B40,NTN-B,-0.87,B40,"NTN-B 40 - 0,87% ou IPCA + 6,30% Des(-0,46%)",-41,,,,,,
07/04/2026,Socicam,,grupo,DEB,12.431,,XP (Líder),unica,15y Sem. (2y Car.),NTN-B,4,,"NTN-B 35 + 4,00% (pendente fixing)",B35,NTN-B,4,B35,"NTN-B 35 + 4,00% ou IPCA + 11,80%",0,,,,10/10,,
07/04/2026,Socicam,,grupo,DEB,12.431,,XP (Líder),unica,15y Sem. (2y Car.),NTN-B,4,,"11,9017% (NTN-B 35 + 4,00%)",B35,NTN-B,4,B35,"NTN-B 35 + 4,00% ou IPCA + 11,80%",0,,,,10/10,,
07/04/2026,Vibra,,grupo,DEB,12.431,AAA,"XP (Líder), BTG, BBI, Safra e UBS BB",unica,10y (6/7/8/9/10),NTN-B,-0.34,7.38,"IPCA + 7,38% (NTN-B 33 - 0,34%)",B33,NTN-B,-0.5,B33,"NTN-B 33 - 0,50% ou IPCA + 7,38%",-16,,,,,,
13/04/2026,Transportadora Brasileira Gasoduto Bolivia Brasil,,alias,DEB,12.431,,XP (Líder),unica,10y (8/9/10),NTN-B,-1.14,6.18,"IPCA + 6,18% (NTN-B 35 - 1,14%)",B35,NTN-B,-1.14,B35,"NTN-B 35 - 1,14%",0,,,,,,
14/04/2026,Motiva,,alias~,DEB,12.431,AAA,XP (Líder) e BTG,unica,4y Full Bullet,NTN-B,-0.38,7.23,"IPCA + 7,23% (NTN-B 30 - 0,38%)",B30,NTN-B,-0.52,B30,"NTN-B 30 - 0,52% ou IPCA + 7,23%",-14,,,,,,
22/04/2026,,,,DEB,12.431,AAA,BBI (Líder) e Santander,unica,24y Sem. (2y Car.),NTN-B,-0.1,7.015,"IPCA + 7,0150% (NTN-B 40 - 0,10%)",B40,NTN-B,-0.52,B40,"NTN-B 40 - 0,52% ou IPCA + 6,15% Des(-0,10%)",-42,,,,,,
27/04/2026,Equatorial,,alias~,DEB,CVM160,AA,CEF (Líder),unica,6y (4/5/6),CDI,0.9,,"CDI + 0,90% – Sem informações sobre deságio",,CDI,0.9,,"CDI + 0,90% – Sem informações sobre deságio",0,,,,,,
28/04/2026,Equatorial,,alias~,DEB,CVM160,AA,CEF (Líder) e Inter,unica,7y (5/6/7),CDI,0.75,,"CDI + 0,75% – Sem informações sobre deságio",,CDI,0.75,,"CDI + 0,75% – Sem informações sobre deságio",0,,,,,,
28/04/2026,Minerva,,grupo,DEB,CVM160,AAA,CEF (Líder),1a,3y Bullet,%CDI,113.5,,"113,50% CDI – Sem informações sobre deságio",,%CDI,113.5,,"113,50% CDI – Sem informações sobre deságio",0,505,750,0.67,,,
28/04/2026,Minerva,,grupo,DEB,CVM160,AAA,CEF (Líder),2a,5y (4/5),CDI,1.7,,"CDI + 1,70% – Sem informações sobre deságio",,CDI,1.7,,"CDI + 1,70% – Sem informações sobre deságio",0,50,750,0.07,,,
30/04/2026,,Sec,,DEB,CVM160,AA,XP (Líder) e BBM,unica,5y (3/4/5),CDI,1.9,,"CDI + 1,90%",,CDI,1.9,,"CDI + 1,90%",0,,,,10/10,,
20/05/2026,EDP,,grupo,DEB,CVM160,AAA,BBI(Líder),unica,5y (4/5),CDI,0.65,,"CDI + 0,65%",,,,,,,,,,,,
21/05/2026,,Sec,,DEB,CVM160,AA,BTG (Líder),unica,6y Mensal (4m Car.),CDI,4.3,,"CDI + 4,30% <Mensagem editada>",,CDI,4.9,,"CDI + 4,90%",60,,,,,,
27/05/2026,Copa Energia,,grupo,DEB,CVM160,,Safra (Líder),unica,5y (2/3/4/5),CDI,0.83,,"CDI + 0,83%",,,,,,,,,,,,
02/06/2026,EcoRodovias,,alias,DEB,12.431,AAA,"BBI (Líder), XP, IBBA e Santander",unica,4y Full Bullet,NTN-B,0.45,8.15,"B30 + 0,45% ou IPCA + 8,15% (pendente fixing)",B30,NTN-B,0.45,B30,"B30 + 0,45% ou IPCA + 8,15%",0,,,,13/13,,
02/06/2026,EcoRodovias,,alias,DEB,12.431,AAA,"BBI (Líder), XP, IBBA e Santander",unica,4y Full Bullet,NTN-B,0.45,8.6431,"IPCA + 8,6431% (B30 + 0,45%)",B30,NTN-B,0.45,B30,"B30 + 0,45% ou IPCA + 8,15%",0,,,,13/13,,
12/06/2026,Cemig,,grupo,DEB,CVM160,AAA,BBI (Líder) e CEF,unica,5y (4/5),CDI,0.7,,"CDI + 0,70%",,CDI,0.7,,"CDI + 0,70%",0,,,,,,
23/06/2026,Motiva,,alias~,DEB,CVM160,AAA,UBS BB (Líder) e BBI,unica,2y Bullet,CDI,0.4,,"CDI + 0,40%",,,,,,,,,,,,
25/06/2026,Ambiental,,grupo,DEB,CVM160,AA,XP (Líder) e BTG,1a,2y Bullet,CDI,1.65,,"CDI + 1,65%",,CDI,1.5,,"CDI + 1,50% Des(1,65%)",-15,150,150,,6/6,,
25/06/2026,Ambiental,,grupo,DEB,CVM160,AA,XP (Líder) e BTG,2a,5y (3/4/5),CDI,1.9,,"CDI + 1,90%",,CDI,1.7,,"CDI + 1,70% Des(1,90%)",-20,150,150,,5/5,,
26/06/2026,Serra do Facão,,alias~,DEB,CVM160,AAA,IBBA (Líder) e Safra,unica,7y Anual (2y Car.),CDI,0.85,,"CDI + 0,85%",,,,,,,,,,,,
01/07/2026,Eletrobras,,alias,DEB,12.431,AAA,BTG (Líder) e XP,unica,10y (8/9/10),NTN-B,-0.2,8.0036,"IPCA + 8,0036% (B35 - 0,20%)",B35,NTN-B,0,B35,"B35 + 0,00% ou IPCA + 7,66%",20,1964,1000,,31/22,,
06/07/2026,Vale,,grupo,DEB,12.431,AA,XP (Líder) e BBI,1a,7y (6/7),NTN-B,1,9.4122,"IPCA + 9,4122% (B32 + 1,00%)",B32,IPCA,9.3,,"NTN-B 2032 + 1,00% ou IPCA + 9,30%",,0,200,,,,
06/07/2026,Vale,,grupo,DEB,12.431,AA,XP (Líder) e BBI,2a,10y (8/9/10),,,,,,IPCA,9.27,,"NTN-B 2035 + 1,20% ou IPCA + 9,27% <Mensagem editada>",,0,,,,,
08/07/2026,ISA Energia,,alias~,DEB,CVM160,AAA,"IBBA (Líder), UBS BB e BBI",unica,4y Bullet,CDI,0.49,,"CDI + 0,49%",,CDI,0.42,,"CDI + 0,42% Des(0,49%)",-7,,,,,,
14/07/2026,Localiza,,grupo,DEB,CVM160,AAA,"BTG (Líder), IBBA, UBS BB e BBI",unica,7y (6/7),CDI,1.25,,"CDI + 1,25% <Mensagem editada>",,,,,,,,,,,,
14/07/2026,Localiza,,grupo,DEB,CVM160,AAA,"BTG (Líder), IBBA, UBS BB e BBI",unica,7y (6/7),CDI,1.25,,"CDI + 1,25%",,,,,,,,,,,,
15/07/2026,Energisa,,grupo,DEB,12.431,AAA,BTG (Líder),unica,10y (8/9/10),NTN-B,0.2,7.79,"NTN-B 2035 - 0,10% ou IPCA + 7,79% Des(B35 + 0,20%) (pendente fixing)",B35,,,,,,,,,,,
